unit_index,kind,name,source_path,source_sha256,oracle_compile,oracle_run,oracle_exit,candidate_prepare,candidate_run,candidate_exit,raw_stdout,canonical_stdout,generated_files,exit_status,verdict_counts,final_classification,reason_code,nondeterministic,first_failure_line
0,"COBOL","EXEC85","EXEC85.cob",14d36d21a8e16995057cc1238c3f84d07e7ecf9c00de76bc84231ebcdb35102a,"pass","harness-blocked",,"reject-unsupported","not-run",2,"","","","","",HARNESS_BLOCKED,"EXEC85_DRIVER_REQUIRES_MODULE_LIBRARY",no,""
1,"CLBRY","ALTL1","copybooks/ALTL1.cpy",60665540f71e1ceaa89544115b5650239dc544d9e92855d8a8a38fe2cd1c93de,"","",,"","",,"not_comparable","not_comparable","not_comparable","not_comparable","not_comparable",NON_EXECUTABLE_LIBRARY,"LIBRARY_TEXT_UNIT",no,""
2,"CLBRY","ALTLB","copybooks/ALTLB.cpy",c2acd7fd4d85395820db92c333047f2f39b1f79f4494a2e22b01b958ec8a9c16,"","",,"","",,"not_comparable","not_comparable","not_comparable","not_comparable","not_comparable",NON_EXECUTABLE_LIBRARY,"LIBRARY_TEXT_UNIT",no,""
3,"COBOL","CM101M","CM101M.cob",3dae5b10685c7d3c018ce3d7931ef31f18a5d21e3b0a4f80d3d18f484d7e5fa2,"reject","not-applicable",,"reject-unsupported","not-run",2,"not_comparable","not_comparable","not_comparable","not_comparable","not_comparable",ORACLE_COMPILE_REJECT,"WORK_RUN_MATERIALIZED_ADAPTED_CM101M_COB_231_ERROR",no,"WORK_RUN_MATERIALIZED_ADAPTED_CM101M_COB_231_ERROR"
4,"COBOL","CM102M","CM102M.cob",3fa7e4d5d355f3bb9f96b210f3b6560e461eaf0a0f3dd850a975571dc05bc375,"reject","not-applicable",,"reject-unsupported","not-run",2,"not_comparable","not_comparable","not_comparable","not_comparable","not_comparable",ORACLE_COMPILE_REJECT,"WORK_RUN_MATERIALIZED_ADAPTED_CM102M_COB_279_ERROR",no,"WORK_RUN_MATERIALIZED_ADAPTED_CM102M_COB_279_ERROR"
5,"COBOL","CM103M","CM103M.cob",6675b18e9b133d1edfce4d05fa5bc1ed9276a8f02b86523f25fbef928d3b5f89,"reject","not-applicable",,"reject-unsupported","not-run",2,"not_comparable","not_comparable","not_comparable","not_comparable","not_comparable",ORACLE_COMPILE_REJECT,"WORK_RUN_MATERIALIZED_ADAPTED_CM103M_COB_182_ERROR",no,"WORK_RUN_MATERIALIZED_ADAPTED_CM103M_COB_182_ERROR"
6,"COBOL","CM104M","CM104M.cob",48f97619cc3e14d2df1c45f46a936b221806179717e8187979b1d4704c500ee2,"error","not-applicable",,"reject-unsupported","not-run",2,"","","","","",ORACLE_COMPILE_ERROR,"COBC_CRASHED",no,""
7,"COBOL","CM105M","CM105M.cob",9bee3ab0c2988e6c50d5522ad38f68520109f19461dba86b5f85c01ec8497a9e,"reject","not-applicable",,"reject-unsupported","not-run",2,"not_comparable","not_comparable","not_comparable","not_comparable","not_comparable",ORACLE_COMPILE_REJECT,"WORK_RUN_MATERIALIZED_ADAPTED_CM105M_COB_176_ERROR",no,"WORK_RUN_MATERIALIZED_ADAPTED_CM105M_COB_176_ERROR"
8,"COBOL","CM201M","CM201M.cob",f39c16224ee53ab92e0ebee7b541544dc0e3b2b659dc5c9aaa6b9726e84fd463,"pass","pass",0,"reject-unsupported","not-run",2,"not_comparable","not_comparable","not_comparable","not_comparable","not_comparable",RUST_REJECT_UNSUPPORTED,"COBRUN_UNSUPPORTED_UNSUPPORTED_LEVEL_NUMBER_COMMUNICATION",no,"cobrun: unsupported: unsupported level number COMMUNICATION"
9,"COBOL","CM202M","CM202M.cob",d36ec319af1d20c0fc124b9d13e3a4f0543aa8b5d79267f696b243e2353f7730,"error","not-applicable",,"reject-unsupported","not-run",2,"","","","","",ORACLE_COMPILE_ERROR,"COBC_CRASHED",no,""
10,"COBOL","CM303M","CM303M.cob",53bdcff696a7a568eee5cf26e661ce507527a86da1514b7c5cfddacb999665c3,"pass","pass",0,"reject-unsupported","not-run",2,"not_comparable","not_comparable","not_comparable","not_comparable","not_comparable",RUST_REJECT_UNSUPPORTED,"COBRUN_UNSUPPORTED_DISABLE_GNUCOBOL_DOES_NOT_IMPLEMENT_THE",no,"cobrun: unsupported: DISABLE: GnuCOBOL 3.2 does not implement the COMMUNICATION SECTION -- the oracle itself cannot run it (boundary non-claim)"
11,"COBOL","CM401M","CM401M.cob",8224013f08200729f2fad707b3a40332d22d6dcd6ab4521fca9dfd66ab7d201b,"reject","not-applicable",,"reject-unsupported","not-run",2,"not_comparable","not_comparable","not_comparable","not_comparable","not_comparable",ORACLE_COMPILE_REJECT,"WORK_RUN_MATERIALIZED_ADAPTED_CM401M_COB_ERROR_NOT",no,"WORK_RUN_MATERIALIZED_ADAPTED_CM401M_COB_ERROR_NOT"
12,"COBOL","DB101A","DB101A.cob",a29ecf5add7825e91abc0f0eb331726e04ab74bbb9ab2a084b73b6282c2a2291,"pass","pass",0,"accepted","pass",0,"mismatch","mismatch","match","match","match",OUTPUT_MISMATCH,"OUTPUT_BYTES_DIFFER",no,""
13,"COBOL","DB102A","DB102A.cob",6beb25eecbb0d484572d1ce0d563f67bb506a0d17cb96dd20024bbd05fa60008,"pass","pass",0,"accepted","pass",0,"mismatch","mismatch","match","match","match",OUTPUT_MISMATCH,"OUTPUT_BYTES_DIFFER",no,""
14,"COBOL","DB103M","DB103M.cob",3a1b642a30bb7f3d6e6ebd47ec9265d953f2a81cdd87377b0dcd1f388fb1c6e3,"pass","pass",0,"accepted","pass",0,"match","match","match","match","match",RAW_OUTPUT_MATCH,"RAW_OUTPUT_IDENTICAL",no,""
15,"COBOL","DB104A","DB104A.cob",66cdcfc64fd92442ea2dcc9ea2b8ab07d325080fd99d9c5ab9e3f8a117a96c86,"pass","pass",0,"reject-parse","not-run",2,"not_comparable","not_comparable","not_comparable","not_comparable","not_comparable",RUST_REJECT_PARSE,"COBRUN_UNDEFINED_DATA_NAME_XRECORD_NUMBER",no,"cobrun: undefined data name: XRECORD-NUMBER(1)"
16,"COBOL","DB105A","DB105A.cob",4632473eda5b6f09d12b87a8a86366a7258a9ecc3c361019d0e06fd82d205bca,"pass","pass",0,"reject-unsupported","not-run",2,"not_comparable","not_comparable","not_comparable","not_comparable","not_comparable",RUST_REJECT_UNSUPPORTED,"COBRUN_UNSUPPORTED_UNSUPPORTED_LEVEL_NUMBER_FEATURE",no,"cobrun: unsupported: unsupported level number FEATURE"
17,"COBOL","DB201A","DB201A.cob",424358c30ea1eb5a254bbc93cb306217a411fad0e3c33cd1433dbe3d1a6243d8,"pass","pass",0,"reject-runtime-boundary","not-run",2,"not_comparable","not_comparable","not_comparable","not_comparable","not_comparable",RUST_REJECT_RUNTIME_BOUNDARY,"COBRUN_RUNTIME_ERROR_PERFORM_VARYING_EXCEEDED_1E6_ITERATIONS",no,"cobrun: runtime error: PERFORM VARYING exceeded 1e6 iterations"
18,"COBOL","DB202A","DB202A.cob",49ae2e1e57865f02dd4f8201f9c2e4dbd556b1e57d005d0004d4412e042b5dfc,"pass","pass",0,"reject-parse","not-run",2,"not_comparable","not_comparable","not_comparable","not_comparable","not_comparable",RUST_REJECT_PARSE,"COBRUN_UNDEFINED_DATA_NAME_XRECORD_NUMBER",no,"cobrun: undefined data name: XRECORD-NUMBER(1)"
19,"COBOL","DB203A","DB203A.cob",95ba34b66cd66cfdbdf49e6c4ba740cf36e43f5d4260fb4245bb52224e8de6dd,"pass","pass",0,"reject-parse","not-run",2,"not_comparable","not_comparable","not_comparable","not_comparable","not_comparable",RUST_REJECT_PARSE,"COBRUN_UNDEFINED_DATA_NAME_BORTED",no,"cobrun: undefined data name: BORTED"
20,"COBOL","DB204A","DB204A.cob",25dd38db20401a2b8627b449b80666cab034f8a971fcfbbe196fa7a62cacc8f3,"pass","pass",0,"reject-parse","not-run",2,"not_comparable","not_comparable","not_comparable","not_comparable","not_comparable",RUST_REJECT_PARSE,"COBRUN_UNDEFINED_DATA_NAME_XRECORD_NUMBER",no,"cobrun: undefined data name: XRECORD-NUMBER(1)"
21,"COBOL","DB205A","DB205A.cob",f28a5d9af86e84efbd153070248f94a1589bf513f1609b98f7143cdd46e7c796,"pass","timeout",124,"reject-unsupported","not-run",2,"","","","","",ORACLE_TIMEOUT,"ORACLE_RUN_TIMEOUT",no,""
22,"COBOL","DB301M","DB301M.cob",b493beee4e0b0e690579aad1fe17c468b9fd9a989e5cf9618d2110f3a6238bec,"pass","pass",0,"accepted","pass",0,"match","match","match","match","not_comparable",RAW_OUTPUT_MATCH,"RAW_OUTPUT_IDENTICAL",no,""
23,"COBOL","DB302M","DB302M.cob",56823f1584e5f562ff5de6649cbfedc51fceb82ab5b3c270f13a16ee5006a08e,"pass","pass",0,"accepted","pass",0,"match","match","match","match","not_comparable",RAW_OUTPUT_MATCH,"RAW_OUTPUT_IDENTICAL",no,""
24,"COBOL","DB303M","DB303M.cob",74d53d3a08c9cd697947cd898d6b457d3233b5263595c4769f173757e00f1e64,"pass","pass",0,"accepted","pass",0,"match","match","match","match","not_comparable",RAW_OUTPUT_MATCH,"RAW_OUTPUT_IDENTICAL",no,""
25,"COBOL","DB304M","DB304M.cob",cdbaabe0df4ba5e21ec2d360a9272c05f8b6565e38374f895fb415ff9b81aa15,"pass","pass",0,"accepted","pass",0,"match","match","match","match","not_comparable",RAW_OUTPUT_MATCH,"RAW_OUTPUT_IDENTICAL",no,""
26,"COBOL","DB305M","DB305M.cob",ff240647eeff238499ebffb315e817962e848772a1177bac1b5fc6ff33d45fd6,"pass","pass",0,"accepted","pass",0,"match","match","match","match","not_comparable",RAW_OUTPUT_MATCH,"RAW_OUTPUT_IDENTICAL",no,""
27,"COBOL","IC101A","IC101A.cob",8c00cfb10b8a1c9037e2433cc1d55e74b3967ba9a6bdefa18698c8ade57a35a6,"pass","pass",0,"accepted","pass",0,"match","match","match","match","match",RAW_OUTPUT_MATCH,"RAW_OUTPUT_IDENTICAL",no,""
28,"COBOL","IC102A","IC102A.cob",6a686535ee863d4775f5fc545325566e2fac651f23fc1a8b37dc2b7150a1bfa4,"bound-to-main","not-applicable",,"bound-to-main","not-applicable",,"not_comparable","not_comparable","not_comparable","not_comparable","not_comparable",NON_EXECUTABLE_LIBRARY,"SUBPROGRAM_BOUND_TO_MAIN",no,""
29,"COBOL","IC103A","IC103A.cob",39f8d1776d57a27de2a46a3b2676796ccd6bfcf6c79b9a7db079aae6cb14e221,"pass","pass",0,"reject-parse","not-run",2,"not_comparable","not_comparable","not_comparable","not_comparable","not_comparable",RUST_REJECT_PARSE,"COBRUN_UNDEFINED_DATA_NAME_FIELD",no,"cobrun: undefined data name: AN-FIELD"
30,"COBOL","IC104A","IC104A.cob",eb8b6dddbc7225a36c9aa6f3ca103dcb021cf1234588e26d3d2c11f07bc945b4,"bound-to-main","not-applicable",,"bound-to-main","not-applicable",,"not_comparable","not_comparable","not_comparable","not_comparable","not_comparable",NON_EXECUTABLE_LIBRARY,"SUBPROGRAM_BOUND_TO_MAIN",no,""
31,"COBOL","IC105A","IC105A.cob",9b71ce0d551419b89f0f6c04960cac8d5a1ce591ab5205215d9558005186d74d,"bound-to-main","not-applicable",,"bound-to-main","not-applicable",,"not_comparable","not_comparable","not_comparable","not_comparable","not_comparable",NON_EXECUTABLE_LIBRARY,"SUBPROGRAM_BOUND_TO_MAIN",no,""
32,"COBOL","IC106A","IC106A.cob",8671b410fb6e5c8397717fab187019db91e0f0441b870050855aca678873e794,"pass","pass",0,"reject-parse","not-run",2,"not_comparable","not_comparable","not_comparable","not_comparable","not_comparable",RUST_REJECT_PARSE,"COBRUN_UNDEFINED_DATA_NAME_IN3",no,"cobrun: undefined data name: IN3"
33,"COBOL","IC107A","IC107A.cob",5129509dc14de531dba743448fa58664cca1bb91830187123e73f635c1b94a3c,"bound-to-main","not-applicable",,"bound-to-main","not-applicable",,"not_comparable","not_comparable","not_comparable","not_comparable","not_comparable",NON_EXECUTABLE_LIBRARY,"SUBPROGRAM_BOUND_TO_MAIN",no,""
34,"COBOL","IC108A","IC108A.cob",eaf174e58bed8018f854a47050bbae019c46f4d11c8248234b029d2079c81d1c,"pass","pass",0,"reject-parse","not-run",2,"not_comparable","not_comparable","not_comparable","not_comparable","not_comparable",RUST_REJECT_PARSE,"COBRUN_UNDEFINED_DATA_NAME_DN1",no,"cobrun: undefined data name: DN1"
35,"COBOL","IC109A","IC109A.cob",3e7debe005b2dd3897ce856baef2d1ad6d1cac18fc92b4b602210132e2fb931b,"bound-to-main","not-applicable",,"bound-to-main","not-applicable",,"not_comparable","not_comparable","not_comparable","not_comparable","not_comparable",NON_EXECUTABLE_LIBRARY,"SUBPROGRAM_BOUND_TO_MAIN",no,""
36,"COBOL","IC110A","IC110A.cob",0dd4b8fe06c77782fcd278fc71e69c23120ed701edea62c596afdc921fac601f,"bound-to-main","not-applicable",,"bound-to-main","not-applicable",,"not_comparable","not_comparable","not_comparable","not_comparable","not_comparable",NON_EXECUTABLE_LIBRARY,"SUBPROGRAM_BOUND_TO_MAIN",no,""
37,"COBOL","IC111A","IC111A.cob",7b7da383a68025b876557b5b8cf30d5d9b0916879de0447ab6d2ec2837676206,"bound-to-main","not-applicable",,"bound-to-main","not-applicable",,"not_comparable","not_comparable","not_comparable","not_comparable","not_comparable",NON_EXECUTABLE_LIBRARY,"SUBPROGRAM_BOUND_TO_MAIN",no,""
38,"COBOL","IC112A","IC112A.cob",8827760d60d443fffdbb2c96dc36f26a393251c66a5e00fbbd7014892cd4404b,"pass","pass",0,"reject-parse","not-run",2,"not_comparable","not_comparable","not_comparable","not_comparable","not_comparable",RUST_REJECT_PARSE,"COBRUN_UNDEFINED_DATA_NAME_FILE_RECORD_INFO_120",no,"cobrun: undefined data name: FILE-RECORD-INFO-P1-120"
39,"COBOL","IC113A","IC113A.cob",3c3398efd7f4f32752703e40fa17330e3207edd5296c0289aa584a54128b0439,"bound-to-main","not-applicable",,"bound-to-main","not-applicable",,"not_comparable","not_comparable","not_comparable","not_comparable","not_comparable",NON_EXECUTABLE_LIBRARY,"SUBPROGRAM_BOUND_TO_MAIN",no,""
40,"COBOL","IC114A","IC114A.cob",90e33be30643a261c0297453149ba2b38510a9ac1f28fc3dccd54914de1ef4a4,"pass","fail",1,"reject-unsupported","not-run",2,"","","","","",ORACLE_RUN_FAIL,"ORACLE_RUN_NONZERO_EXIT",no,"libcob: error: file does not exist (status = 35) for file SQ-FS3 ('000649')"
41,"COBOL","IC115A","IC115A.cob",c259a4ddfa344f40458cfcae86cfe41bb9cab6023db7ee70cc880619b48157f4,"bound-to-main","not-applicable",,"bound-to-main","not-applicable",,"not_comparable","not_comparable","not_comparable","not_comparable","not_comparable",NON_EXECUTABLE_LIBRARY,"SUBPROGRAM_BOUND_TO_MAIN",no,""
42,"COBOL","IC116M","IC116M.cob",98f79e33d1fb5ab257c258313c866477a94c8b6c8dcb799fe206f7fd943df5e4,"pass","pass",0,"accepted","pass",0,"match","match","match","match","match",RAW_OUTPUT_MATCH,"RAW_OUTPUT_IDENTICAL",no,""
43,"COBOL","IC117M","IC117M.cob",5bbca8325b20ba66cfaf747aa2e294d74149acf1794ca5e0167c1c969a2fd54c,"bound-to-main","not-applicable",,"bound-to-main","not-applicable",,"not_comparable","not_comparable","not_comparable","not_comparable","not_comparable",NON_EXECUTABLE_LIBRARY,"SUBPROGRAM_BOUND_TO_MAIN",no,""
44,"COBOL","IC118M","IC118M.cob",7affbd048dcd10a1fefec9fe699804c16dfb45677e46b0e4d5c147ec0a0559f7,"bound-to-main","not-applicable",,"bound-to-main","not-applicable",,"not_comparable","not_comparable","not_comparable","not_comparable","not_comparable",NON_EXECUTABLE_LIBRARY,"SUBPROGRAM_BOUND_TO_MAIN",no,""
45,"COBOL","IC201A","IC201A.cob",59d9981f81999fa3d6c9c31ed540a0002a5713b950466b3e2fd88b3f96f6c9d9,"pass","pass",0,"reject-unsupported","not-run",2,"not_comparable","not_comparable","not_comparable","not_comparable","not_comparable",RUST_REJECT_UNSUPPORTED,"COBRUN_UNSUPPORTED_UNRECOGNIZED_USAGE_COMPUTATIONAL",no,"cobrun: unsupported: unrecognized USAGE COMPUTATIONAL,"
46,"COBOL","IC202A","IC202A.cob",b3f28b5c62a32a7bd855179848dd9cd3d8a1aa60a1ad4397e0fbf11699bb5218,"bound-to-main","not-applicable",,"bound-to-main","not-applicable",,"not_comparable","not_comparable","not_comparable","not_comparable","not_comparable",NON_EXECUTABLE_LIBRARY,"SUBPROGRAM_BOUND_TO_MAIN",no,""
47,"COBOL","IC203A","IC203A.cob",df530632f74578a2e896c60f5bad8c0179a2773670f8253c8e580120902d99ae,"pass","pass",0,"reject-parse","not-run",2,"not_comparable","not_comparable","not_comparable","not_comparable","not_comparable",RUST_REJECT_PARSE,"COBRUN_UNDEFINED_DATA_NAME_DN2",no,"cobrun: undefined data name: DN2,"
48,"COBOL","IC204A","IC204A.cob",1048e510eab59f2199b40fa0fee9d8fd22a71a268dbb316de1ff6cc13088b37c,"bound-to-main","not-applicable",,"bound-to-main","not-applicable",,"not_comparable","not_comparable","not_comparable","not_comparable","not_comparable",NON_EXECUTABLE_LIBRARY,"SUBPROGRAM_BOUND_TO_MAIN",no,""
49,"COBOL","IC205A","IC205A.cob",b81eae1c834979f6832c31641fd40df329cd13bb8fd8aaac35df6f4396410198,"bound-to-main","not-applicable",,"bound-to-main","not-applicable",,"not_comparable","not_comparable","not_comparable","not_comparable","not_comparable",NON_EXECUTABLE_LIBRARY,"SUBPROGRAM_BOUND_TO_MAIN",no,""
50,"COBOL","IC206A","IC206A.cob",cbe879c95b3b5fc210c7b83594e82143e3e3659394864a3107d4a81e9f2c3ebd,"bound-to-main","not-applicable",,"bound-to-main","not-applicable",,"not_comparable","not_comparable","not_comparable","not_comparable","not_comparable",NON_EXECUTABLE_LIBRARY,"SUBPROGRAM_BOUND_TO_MAIN",no,""
51,"COBOL","IC207A","IC207A.cob",7e4100c44821619aa131cbca24e326ea54bd907701e5a94a0c06c265134ec204,"pass","pass",0,"reject-unsupported","not-run",2,"not_comparable","not_comparable","not_comparable","not_comparable","not_comparable",RUST_REJECT_UNSUPPORTED,"COBRUN_UNSUPPORTED_CALL_ID1_NOT_CONTAINED_PROGRAM_EXTERNAL",no,"cobrun: unsupported: CALL ""ID1"": not a contained program (external CALL is a boundary)"
52,"COBOL","IC208A","IC208A.cob",a779b6792dd3eb53b4b20ff9aabee447eb2ebd8a5b02c896c35c99c1f4d8415e,"bound-to-main","not-applicable",,"bound-to-main","not-applicable",,"not_comparable","not_comparable","not_comparable","not_comparable","not_comparable",NON_EXECUTABLE_LIBRARY,"SUBPROGRAM_BOUND_TO_MAIN",no,""
53,"COBOL","IC209A","IC209A.cob",65d4f080a7925adbf877be7fe0f7650024b35af2f865213a2301fa35d5344866,"pass","pass",0,"reject-parse","not-run",2,"not_comparable","not_comparable","not_comparable","not_comparable","not_comparable",RUST_REJECT_PARSE,"COBRUN_UNDEFINED_DATA_NAME_TEST1",no,"cobrun: undefined data name: TEST1"
54,"COBOL","IC210A","IC210A.cob",0b64dd8edbf1d478cc9814a8add01b7c73d1d012a4215570b78c56d0f5ec0e4a,"bound-to-main","not-applicable",,"bound-to-main","not-applicable",,"not_comparable","not_comparable","not_comparable","not_comparable","not_comparable",NON_EXECUTABLE_LIBRARY,"SUBPROGRAM_BOUND_TO_MAIN",no,""
55,"COBOL","IC211A","IC211A.cob",96f3d05759064972af16ef06dd2a0a563f7b39bb6ab4d9d558b311b7f61f5e1f,"bound-to-main","not-applicable",,"bound-to-main","not-applicable",,"not_comparable","not_comparable","not_comparable","not_comparable","not_comparable",NON_EXECUTABLE_LIBRARY,"SUBPROGRAM_BOUND_TO_MAIN",no,""
56,"COBOL","IC212A","IC212A.cob",fa431555569d0838ae64f49ccf0f0b1f3f43a6051d8c6bdfdbd13f76ffc5585d,"bound-to-main","not-applicable",,"bound-to-main","not-applicable",,"not_comparable","not_comparable","not_comparable","not_comparable","not_comparable",NON_EXECUTABLE_LIBRARY,"SUBPROGRAM_BOUND_TO_MAIN",no,""
57,"COBOL","IC213A","IC213A.cob",c70c2810ead41b9c6238defd7772e801b0d370a28cf6f3c35ef7689b23bab351,"pass","pass",0,"reject-parse","not-run",2,"not_comparable","not_comparable","not_comparable","not_comparable","not_comparable",RUST_REJECT_PARSE,"COBRUN_UNDEFINED_DATA_NAME_DN2",no,"cobrun: undefined data name: DN2,"
58,"COBOL","IC214A","IC214A.cob",6dcdf436731d822c808579c2bc7a948721faf1dc2720a5aa8b11c0c5607b8917,"bound-to-main","not-applicable",,"bound-to-main","not-applicable",,"not_comparable","not_comparable","not_comparable","not_comparable","not_comparable",NON_EXECUTABLE_LIBRARY,"SUBPROGRAM_BOUND_TO_MAIN",no,""
59,"COBOL","IC215A","IC215A.cob",c05dd7fbb6136205503a8045f2714dac8a9d99823c08dc431d55ccab21634a3f,"bound-to-main","not-applicable",,"bound-to-main","not-applicable",,"not_comparable","not_comparable","not_comparable","not_comparable","not_comparable",NON_EXECUTABLE_LIBRARY,"SUBPROGRAM_BOUND_TO_MAIN",no,""
60,"COBOL","IC216A","IC216A.cob",1aac10849c4e5b870297d78cc8ca26991d1b4bd5911702661b7bfb1727b1a57b,"pass","pass",0,"reject-parse","not-run",2,"not_comparable","not_comparable","not_comparable","not_comparable","not_comparable",RUST_REJECT_PARSE,"COBRUN_UNDEFINED_DATA_NAME_DN1",no,"cobrun: undefined data name: DN1,"
61,"COBOL","IC217A","IC217A.cob",e9a46a36c123edf9b187a3b3e29b4d45ffe9189f7c3dfd131dba796eeeb0a75a,"bound-to-main","not-applicable",,"bound-to-main","not-applicable",,"not_comparable","not_comparable","not_comparable","not_comparable","not_comparable",NON_EXECUTABLE_LIBRARY,"SUBPROGRAM_BOUND_TO_MAIN",no,""
62,"COBOL","IC222A","IC222A.cob",ee2b39fbf6e45ae76230d273d6836c4f4df50bb00672c8839c4ca6b935004327,"pass","pass",0,"reject-unsupported","not-run",2,"not_comparable","not_comparable","not_comparable","not_comparable","not_comparable",RUST_REJECT_UNSUPPORTED,"COBRUN_UNSUPPORTED_UNRECOGNIZED_USAGE_COMPUTATIONAL",no,"cobrun: unsupported: unrecognized USAGE COMPUTATIONAL,"
63,"COBOL","IC223A","IC223A.cob",a801bb3b5b07354779f7a7bb0c79bdabd73426af0c8622ba5b6dc9fdff25ce33,"pass","pass",0,"reject-unsupported","not-run",2,"not_comparable","not_comparable","not_comparable","not_comparable","not_comparable",RUST_REJECT_UNSUPPORTED,"COBRUN_UNSUPPORTED_UNRECOGNIZED_USAGE_COMPUTATIONAL",no,"cobrun: unsupported: unrecognized USAGE COMPUTATIONAL,"
64,"COBOL","IC224A","IC224A.cob",9c4d8c192f15b5dce9c34c902274ab0182bf9a488a745d2985f25b4fc234646a,"pass","pass",0,"reject-unsupported","not-run",2,"not_comparable","not_comparable","not_comparable","not_comparable","not_comparable",RUST_REJECT_UNSUPPORTED,"COBRUN_UNSUPPORTED_UNRECOGNIZED_USAGE_COMPUTATIONAL",no,"cobrun: unsupported: unrecognized USAGE COMPUTATIONAL,"
65,"COBOL","IC225A","IC225A.cob",66d84ab1fbc68187139581f4ecfd16d740a6cd1c334924f1feba3a394ab1d235,"pass","pass",0,"reject-unsupported","not-run",2,"not_comparable","not_comparable","not_comparable","not_comparable","not_comparable",RUST_REJECT_UNSUPPORTED,"COBRUN_UNSUPPORTED_UNRECOGNIZED_USAGE_COMPUTATIONAL",no,"cobrun: unsupported: unrecognized USAGE COMPUTATIONAL,"
66,"COBOL","IC226A","IC226A.cob",37ff03bf38822b7c3055d6483ae62605355f41fad3131bf90198e28be574d7ea,"pass","pass",0,"accepted","pass",0,"match","match","match","match","match",RAW_OUTPUT_MATCH,"RAW_OUTPUT_IDENTICAL",no,""
67,"COBOL","IC227A","IC227A.cob",99a73a695d47b8cc957ce08d6033486ebc29f8a7dd483f01f63dbd3b727b7acd,"pass","pass",0,"reject-unsupported","not-run",2,"not_comparable","not_comparable","not_comparable","not_comparable","not_comparable",RUST_REJECT_UNSUPPORTED,"COBRUN_UNSUPPORTED_CALL_ID1_NOT_CONTAINED_PROGRAM_EXTERNAL",no,"cobrun: unsupported: CALL ""ID1"": not a contained program (external CALL is a boundary)"
68,"COBOL","IC228A","IC228A.cob",3fab592cdbd2805e604900e450744cdedb6cbfd26d43f31b3650b6ef6218084f,"pass","pass",0,"reject-parse","not-run",2,"not_comparable","not_comparable","not_comparable","not_comparable","not_comparable",RUST_REJECT_PARSE,"COBRUN_UNDEFINED_DATA_NAME_GLO_DATA",no,"cobrun: undefined data name: GLO-DATA-1"
69,"COBOL","IC233A","IC233A.cob",efefbccaa411110a15725bca679579ebde477ed8471869db67530d622bb99cc6,"pass","pass",0,"reject-unsupported","not-run",2,"not_comparable","not_comparable","not_comparable","not_comparable","not_comparable",RUST_REJECT_UNSUPPORTED,"COBRUN_UNSUPPORTED_OPEN_TEST_FILE_NOT_DECLARED_FILE",no,"cobrun: unsupported: OPEN: `TEST-FILE` is not a declared file"
70,"COBOL","IC234A","IC234A.cob",b04b6a339014284a40f7e34f8ba362b8809cd8d99030d3d5f0ba24a6c8b21f4b,"pass","pass",0,"accepted","pass",0,"mismatch","mismatch","match","match","mismatch",OUTPUT_MISMATCH,"OUTPUT_BYTES_DIFFER",no,""
71,"COBOL","IC235A","IC235A.cob",d5f3aaf50f7ad0e218ecdb32947bea7670dc48297f7f874c08b067748e044c8b,"pass","pass",0,"reject-parse","not-run",2,"not_comparable","not_comparable","not_comparable","not_comparable","not_comparable",RUST_REJECT_PARSE,"COBRUN_UNDEFINED_DATA_NAME_SUBSCRIPTED_DATA",no,"cobrun: undefined data name: SUBSCRIPTED-DATA(4)"
72,"COBOL","IC237A","IC237A.cob",e1a05eb195a5e7e970ae1b91738dd027081b18c2961bfd282c218ab9a2b279d3,"pass","pass",0,"reject-unsupported","not-run",2,"not_comparable","not_comparable","not_comparable","not_comparable","not_comparable",RUST_REJECT_UNSUPPORTED,"COBRUN_UNSUPPORTED_NOT_NUMERIC_LITERAL",no,"cobrun: unsupported: not a numeric literal: L-A1"
73,"COBOL","IC401M","IC401M.cob",b2785ba9f79c7f52d9e4ce9d65253afbf4b96b391cf9ed68983d2c88b5b8ca0a,"pass","fail",1,"reject-unsupported","not-run",2,"","","","","",ORACLE_RUN_FAIL,"ORACLE_RUN_NONZERO_EXIT",no,"libcob: error: module 'FIC401M' not found"
74,"COBOL","IF101A","IF101A.cob",2e46fbd4b85a8232bf2533303235b1fc85b2963b9f9ca98023d0ae8e5a814aae,"pass","pass",0,"reject-unsupported","not-run",2,"not_comparable","not_comparable","not_comparable","not_comparable","not_comparable",RUST_REJECT_UNSUPPORTED,"COBRUN_UNSUPPORTED_CONDITION_UNRECOGNIZED_RELATIONAL_OPERATOR_EXPECTED_GREATER",no,"cobrun: unsupported: condition: unrecognized relational operator (expected = > < >= <= <> GREATER LESS EQUAL)"
75,"COBOL","IF102A","IF102A.cob",6b8bff86bc9cf1e1c0e1404b615aff38a185072b978f62b93b3799e5dbce6dd7,"pass","pass",0,"reject-unsupported","not-run",2,"not_comparable","not_comparable","not_comparable","not_comparable","not_comparable",RUST_REJECT_UNSUPPORTED,"COBRUN_UNSUPPORTED_CONDITION_UNRECOGNIZED_RELATIONAL_OPERATOR_EXPECTED_GREATER",no,"cobrun: unsupported: condition: unrecognized relational operator (expected = > < >= <= <> GREATER LESS EQUAL)"
76,"COBOL","IF103A","IF103A.cob",56dfe4f4a56e976eddfb2359d8942829714be2d11589bf39710e116416775de7,"pass","pass",0,"reject-unsupported","not-run",2,"not_comparable","not_comparable","not_comparable","not_comparable","not_comparable",RUST_REJECT_UNSUPPORTED,"COBRUN_UNSUPPORTED_CONDITION_UNRECOGNIZED_RELATIONAL_OPERATOR_EXPECTED_GREATER",no,"cobrun: unsupported: condition: unrecognized relational operator (expected = > < >= <= <> GREATER LESS EQUAL)"
77,"COBOL","IF104A","IF104A.cob",1ac9b0d8b05278adb867139d249650076d4d6fd1291d7f18126a76c9bc23cff5,"pass","pass",0,"reject-unsupported","not-run",2,"not_comparable","not_comparable","not_comparable","not_comparable","not_comparable",RUST_REJECT_UNSUPPORTED,"COBRUN_UNSUPPORTED_CONDITION_UNRECOGNIZED_RELATIONAL_OPERATOR_EXPECTED_GREATER",no,"cobrun: unsupported: condition: unrecognized relational operator (expected = > < >= <= <> GREATER LESS EQUAL)"
78,"COBOL","IF105A","IF105A.cob",73350eb45183c4f009be51af3a37b80076eb0f583458f998af6d746d59811c0c,"pass","pass",0,"reject-unsupported","not-run",2,"not_comparable","not_comparable","not_comparable","not_comparable","not_comparable",RUST_REJECT_UNSUPPORTED,"COBRUN_UNSUPPORTED_NOT_NUMERIC_LITERAL_FUNCTION",no,"cobrun: unsupported: not a numeric literal: FUNCTION"
79,"COBOL","IF106A","IF106A.cob",e5386d0e1f08f8abf9c0f851d049a18bffa294fcc46588d2a09e9fa5bc05b952,"pass","pass",0,"reject-unsupported","not-run",2,"not_comparable","not_comparable","not_comparable","not_comparable","not_comparable",RUST_REJECT_UNSUPPORTED,"COBRUN_UNSUPPORTED_NOT_NUMERIC_LITERAL",no,"cobrun: unsupported: not a numeric literal: /"
80,"COBOL","IF107A","IF107A.cob",bcd1dbc514c2ec1f0c4cd09dcd6ced6fbd50190e35ac99fcf4949cae68a8bfb3,"pass","pass",0,"accepted","pass",0,"mismatch","mismatch","match","match","mismatch",OUTPUT_MISMATCH,"OUTPUT_BYTES_DIFFER",no,""
81,"COBOL","IF108A","IF108A.cob",55e5ef0cac3a9eb592b850298893a90cfb0958614766a6a6ba0d3084cd316864,"pass","pass",0,"accepted","pass",0,"mismatch","mismatch","match","match","mismatch",OUTPUT_MISMATCH,"OUTPUT_BYTES_DIFFER",no,""
82,"COBOL","IF109A","IF109A.cob",ce894baefdcb7f645bb74cdf4f5a167d97149bb3eeb0f5807d1b3b4a359ce863,"pass","pass",0,"accepted","pass",0,"mismatch","mismatch","match","match","mismatch",OUTPUT_MISMATCH,"OUTPUT_BYTES_DIFFER",no,""
83,"COBOL","IF110A","IF110A.cob",d38bd17b21077d1c757a23e7199f87c4f39da8111671223efdea37bb18a4e330,"pass","pass",0,"reject-unsupported","not-run",2,"not_comparable","not_comparable","not_comparable","not_comparable","not_comparable",RUST_REJECT_UNSUPPORTED,"COBRUN_UNSUPPORTED_NOT_NUMERIC_LITERAL_FUNCTION",no,"cobrun: unsupported: not a numeric literal: FUNCTION"
84,"COBOL","IF111A","IF111A.cob",1ce4fbc771b7fec7d6c39a13ed2b608daad8f59f3fcb0a9094421d3f25bb9d1b,"pass","pass",0,"reject-unsupported","not-run",2,"not_comparable","not_comparable","not_comparable","not_comparable","not_comparable",RUST_REJECT_UNSUPPORTED,"COBRUN_UNSUPPORTED_NOT_NUMERIC_LITERAL",no,"cobrun: unsupported: not a numeric literal: (6 / 3)"
85,"COBOL","IF112A","IF112A.cob",acd79e0added2fd870851a0f11efc4b5d1ad77802e6649e6923246d765e56ba7,"pass","pass",0,"accepted","pass",0,"mismatch","mismatch","match","match","mismatch",OUTPUT_MISMATCH,"OUTPUT_BYTES_DIFFER",no,""
86,"COBOL","IF113A","IF113A.cob",34f68935873d04694c60a8b2f28834d517148ea360e00e4d71500b6871597c52,"pass","pass",0,"accepted","pass",0,"mismatch","mismatch","match","match","mismatch",OUTPUT_MISMATCH,"OUTPUT_BYTES_DIFFER",no,""
87,"COBOL","IF114A","IF114A.cob",b8095f3a52526aa4c207ae9b4f7057a1072f5a264103823630207e96086d9253,"pass","pass",0,"reject-unsupported","not-run",2,"not_comparable","not_comparable","not_comparable","not_comparable","not_comparable",RUST_REJECT_UNSUPPORTED,"COBRUN_UNSUPPORTED_NOT_NUMERIC_LITERAL",no,"cobrun: unsupported: not a numeric literal: (6 / 3)"
88,"COBOL","IF115A","IF115A.cob",e0658f2c537309785baa34585c01880075a5a26cc31d1c6e8517cc5618b3b061,"pass","pass",0,"accepted","pass",0,"mismatch","mismatch","match","match","mismatch",OUTPUT_MISMATCH,"OUTPUT_BYTES_DIFFER",no,""
89,"COBOL","IF116A","IF116A.cob",bbe8974a05ffad0d28866f319e099bccba108efabaaaa19203dd6258fdf6aee6,"pass","pass",0,"reject-unsupported","not-run",2,"not_comparable","not_comparable","not_comparable","not_comparable","not_comparable",RUST_REJECT_UNSUPPORTED,"COBRUN_UNSUPPORTED_NOT_NUMERIC_LITERAL",no,"cobrun: unsupported: not a numeric literal: +"
90,"COBOL","IF117A","IF117A.cob",d8a37c9128db80e4ba1193301e308b5b53cd82608411eb0a46bc6832d88bc9d7,"pass","pass",0,"reject-unsupported","not-run",2,"not_comparable","not_comparable","not_comparable","not_comparable","not_comparable",RUST_REJECT_UNSUPPORTED,"COBRUN_UNSUPPORTED_CONDITION_UNRECOGNIZED_RELATIONAL_OPERATOR_EXPECTED_GREATER",no,"cobrun: unsupported: condition: unrecognized relational operator (expected = > < >= <= <> GREATER LESS EQUAL)"
91,"COBOL","IF118A","IF118A.cob",73606032212ae704f32c642c9053a9e8f00a71fc6adfd258c9aa7c798b4c521f,"pass","pass",0,"reject-unsupported","not-run",2,"not_comparable","not_comparable","not_comparable","not_comparable","not_comparable",RUST_REJECT_UNSUPPORTED,"COBRUN_UNSUPPORTED_NOT_NUMERIC_LITERAL_FUNCTION",no,"cobrun: unsupported: not a numeric literal: FUNCTION"
92,"COBOL","IF119A","IF119A.cob",d9eee0a6d410b3e620f5cd5c5fbba8526758a53b3f68de9634ac439e4de115d3,"reject","not-applicable",,"reject-unsupported","not-run",2,"not_comparable","not_comparable","not_comparable","not_comparable","not_comparable",ORACLE_COMPILE_REJECT,"WORK_RUN_MATERIALIZED_ADAPTED_IF119A_COB_599_ERROR",no,"WORK_RUN_MATERIALIZED_ADAPTED_IF119A_COB_599_ERROR"
93,"COBOL","IF120A","IF120A.cob",f119e2e95fad2343d4e506fce759daf41e6bab29d2b1941b4027b938f59a7288,"reject","not-applicable",,"reject-unsupported","not-run",2,"not_comparable","not_comparable","not_comparable","not_comparable","not_comparable",ORACLE_COMPILE_REJECT,"WORK_RUN_MATERIALIZED_ADAPTED_IF120A_COB_490_ERROR",no,"WORK_RUN_MATERIALIZED_ADAPTED_IF120A_COB_490_ERROR"
94,"COBOL","IF121A","IF121A.cob",eb3538d9864dc3d2f118b5d088c674b616d9d077651c4ef4dba7107ad61c9d78,"reject","not-applicable",,"reject-unsupported","not-run",2,"not_comparable","not_comparable","not_comparable","not_comparable","not_comparable",ORACLE_COMPILE_REJECT,"WORK_RUN_MATERIALIZED_ADAPTED_IF121A_COB_487_ERROR",no,"WORK_RUN_MATERIALIZED_ADAPTED_IF121A_COB_487_ERROR"
95,"COBOL","IF122A","IF122A.cob",90018db95ebcdfd0baa6089b996d9efb4196091a91eb545196a167d9c35ed58a,"reject","not-applicable",,"reject-unsupported","not-run",2,"not_comparable","not_comparable","not_comparable","not_comparable","not_comparable",ORACLE_COMPILE_REJECT,"WORK_RUN_MATERIALIZED_ADAPTED_IF122A_COB_509_ERROR",no,"WORK_RUN_MATERIALIZED_ADAPTED_IF122A_COB_509_ERROR"
96,"COBOL","IF123A","IF123A.cob",5fae055e28eea791767dd5746ad8e9655830fa8ab6610feba8a7ae7913c3bd60,"reject","not-applicable",,"reject-unsupported","not-run",2,"not_comparable","not_comparable","not_comparable","not_comparable","not_comparable",ORACLE_COMPILE_REJECT,"WORK_RUN_MATERIALIZED_ADAPTED_IF123A_COB_602_ERROR",no,"WORK_RUN_MATERIALIZED_ADAPTED_IF123A_COB_602_ERROR"
97,"COBOL","IF124A","IF124A.cob",49ac4b72d46e39baf71d843f7738f474c061289872aa9deade35f96b6eafea28,"pass","pass",0,"reject-unsupported","not-run",2,"not_comparable","not_comparable","not_comparable","not_comparable","not_comparable",RUST_REJECT_UNSUPPORTED,"COBRUN_UNSUPPORTED_NOT_NUMERIC_LITERAL_FUNCTION",no,"cobrun: unsupported: not a numeric literal: FUNCTION"
98,"COBOL","IF125A","IF125A.cob",d790c1bd1f0aa581bde11c132abcf83508a581f42d11fafa2c113c7f14877d7e,"pass","pass",0,"reject-unsupported","not-run",2,"not_comparable","not_comparable","not_comparable","not_comparable","not_comparable",RUST_REJECT_UNSUPPORTED,"COBRUN_UNSUPPORTED_CONDITION_UNRECOGNIZED_RELATIONAL_OPERATOR_EXPECTED_GREATER",no,"cobrun: unsupported: condition: unrecognized relational operator (expected = > < >= <= <> GREATER LESS EQUAL)"
99,"COBOL","IF126A","IF126A.cob",b35fa8aefa078057b9438ae0ce5171df1af236338ebf8ff14c96dcb99fdb95e0,"pass","pass",0,"accepted","pass",0,"mismatch","mismatch","match","match","mismatch",OUTPUT_MISMATCH,"OUTPUT_BYTES_DIFFER",no,""
100,"COBOL","IF127A","IF127A.cob",6a46a70c0cea677375e07de6fec839007afe14023cfa98a356b640b4b5e53845,"pass","pass",0,"accepted","pass",0,"mismatch","mismatch","match","match","mismatch",OUTPUT_MISMATCH,"OUTPUT_BYTES_DIFFER",no,""
101,"COBOL","IF128A","IF128A.cob",061756600c12c30b3663390e131cd2a456306fb440ebb3e6364141ca251fedf6,"reject","not-applicable",,"reject-unsupported","not-run",2,"not_comparable","not_comparable","not_comparable","not_comparable","not_comparable",ORACLE_COMPILE_REJECT,"WORK_RUN_MATERIALIZED_ADAPTED_IF128A_COB_536_ERROR",no,"WORK_RUN_MATERIALIZED_ADAPTED_IF128A_COB_536_ERROR"
102,"COBOL","IF129A","IF129A.cob",b941086d7222e385f91c703ff84578e300aa45de8b7ff2043f4f88ed94c44d1c,"reject","not-applicable",,"reject-unsupported","not-run",2,"not_comparable","not_comparable","not_comparable","not_comparable","not_comparable",ORACLE_COMPILE_REJECT,"WORK_RUN_MATERIALIZED_ADAPTED_IF129A_COB_539_ERROR",no,"WORK_RUN_MATERIALIZED_ADAPTED_IF129A_COB_539_ERROR"
103,"COBOL","IF130A","IF130A.cob",42a96ea34b5940c8a81108ecffa33d6135c43ead41a5157e3421fbedd0525f55,"pass","pass",0,"reject-unsupported","not-run",2,"not_comparable","not_comparable","not_comparable","not_comparable","not_comparable",RUST_REJECT_UNSUPPORTED,"COBRUN_UNSUPPORTED_CONDITION_UNRECOGNIZED_RELATIONAL_OPERATOR_EXPECTED_GREATER",no,"cobrun: unsupported: condition: unrecognized relational operator (expected = > < >= <= <> GREATER LESS EQUAL)"
104,"COBOL","IF131A","IF131A.cob",624dc7deb86ce879d82b024b40a4f2cca5246d486ad2550065573abbdf79ae8f,"pass","pass",0,"reject-unsupported","not-run",2,"not_comparable","not_comparable","not_comparable","not_comparable","not_comparable",RUST_REJECT_UNSUPPORTED,"COBRUN_UNSUPPORTED_FUNCTION_RANDOM_COBC_DOES_NOT_IMPLEMENT",no,"cobrun: unsupported: FUNCTION RANDOM: cobc 3.2 does not implement it (a compile-reject) or it is a live-clock/locale/GMP-PRNG non-claim"
105,"COBOL","IF132A","IF132A.cob",321ab44f39ae44f7f0dde043e98240549fa0dcde7a997c96b866cb562ad41a16,"reject","not-applicable",,"reject-unsupported","not-run",2,"not_comparable","not_comparable","not_comparable","not_comparable","not_comparable",ORACLE_COMPILE_REJECT,"WORK_RUN_MATERIALIZED_ADAPTED_IF132A_COB_485_ERROR",no,"WORK_RUN_MATERIALIZED_ADAPTED_IF132A_COB_485_ERROR"
106,"COBOL","IF133A","IF133A.cob",daa00060f5b49e8bccb50caae12732f839983361ea287a03fe8f1b162dcbe27a,"pass","pass",0,"reject-unsupported","not-run",2,"not_comparable","not_comparable","not_comparable","not_comparable","not_comparable",RUST_REJECT_UNSUPPORTED,"COBRUN_UNSUPPORTED_CONDITION_UNRECOGNIZED_RELATIONAL_OPERATOR_EXPECTED_GREATER",no,"cobrun: unsupported: condition: unrecognized relational operator (expected = > < >= <= <> GREATER LESS EQUAL)"
107,"COBOL","IF134A","IF134A.cob",28f05ffdc4fc387c6b86a78e3651cc4bdca07a226284191751708e93aaad86dc,"pass","pass",0,"reject-unsupported","not-run",2,"not_comparable","not_comparable","not_comparable","not_comparable","not_comparable",RUST_REJECT_UNSUPPORTED,"COBRUN_UNSUPPORTED_NOT_NUMERIC_LITERAL_FUNCTION",no,"cobrun: unsupported: not a numeric literal: FUNCTION"
108,"COBOL","IF135A","IF135A.cob",683e37472b189e4fe63739d7d167e63ea04151cd2086d5808079e2107e01e2ce,"pass","pass",0,"reject-unsupported","not-run",2,"not_comparable","not_comparable","not_comparable","not_comparable","not_comparable",RUST_REJECT_UNSUPPORTED,"COBRUN_UNSUPPORTED_CONDITION_UNRECOGNIZED_RELATIONAL_OPERATOR_EXPECTED_GREATER",no,"cobrun: unsupported: condition: unrecognized relational operator (expected = > < >= <= <> GREATER LESS EQUAL)"
109,"COBOL","IF136A","IF136A.cob",43b606f673bea08c80154ce6b2909bc024033187b0f5f0d0aedda52bca304782,"pass","pass",0,"reject-unsupported","not-run",2,"not_comparable","not_comparable","not_comparable","not_comparable","not_comparable",RUST_REJECT_UNSUPPORTED,"COBRUN_UNSUPPORTED_CONDITION_UNRECOGNIZED_RELATIONAL_OPERATOR_EXPECTED_GREATER",no,"cobrun: unsupported: condition: unrecognized relational operator (expected = > < >= <= <> GREATER LESS EQUAL)"
110,"COBOL","IF137A","IF137A.cob",bf412fea57a37b671fab5873df44ad8246d456fa7e96d71388c25aeccc25ca41,"reject","not-applicable",,"reject-unsupported","not-run",2,"not_comparable","not_comparable","not_comparable","not_comparable","not_comparable",ORACLE_COMPILE_REJECT,"WORK_RUN_MATERIALIZED_ADAPTED_IF137A_COB_518_ERROR",no,"WORK_RUN_MATERIALIZED_ADAPTED_IF137A_COB_518_ERROR"
111,"COBOL","IF138A","IF138A.cob",06e1b49d62bde5a1e77fd9bd4f7d40d95d5fb6dabcb021e5af8f81cfbf01b879,"reject","not-applicable",,"reject-unsupported","not-run",2,"not_comparable","not_comparable","not_comparable","not_comparable","not_comparable",ORACLE_COMPILE_REJECT,"WORK_RUN_MATERIALIZED_ADAPTED_IF138A_COB_485_ERROR",no,"WORK_RUN_MATERIALIZED_ADAPTED_IF138A_COB_485_ERROR"
112,"COBOL","IF139A","IF139A.cob",829dff470efc20d0dbb74a6cea4f53ac386f4ea5e517d2b9d8e2ab29111aff5c,"pass","pass",0,"reject-unsupported","not-run",2,"not_comparable","not_comparable","not_comparable","not_comparable","not_comparable",RUST_REJECT_UNSUPPORTED,"COBRUN_UNSUPPORTED_CONDITION_UNRECOGNIZED_RELATIONAL_OPERATOR_EXPECTED_GREATER",no,"cobrun: unsupported: condition: unrecognized relational operator (expected = > < >= <= <> GREATER LESS EQUAL)"
113,"COBOL","IF140A","IF140A.cob",596d1da80bec4c0b2fb94954d93a80050a513f87f65d2262803482fe0b2484fd,"pass","pass",0,"reject-unsupported","not-run",2,"not_comparable","not_comparable","not_comparable","not_comparable","not_comparable",RUST_REJECT_UNSUPPORTED,"COBRUN_UNSUPPORTED_NOT_NUMERIC_LITERAL_FUNCTION",no,"cobrun: unsupported: not a numeric literal: FUNCTION"
114,"COBOL","IF141A","IF141A.cob",44727e7cf9146744d010bd3438c98bfb41ad6231cce8ee33fe64ab40530b53f5,"reject","not-applicable",,"reject-unsupported","not-run",2,"not_comparable","not_comparable","not_comparable","not_comparable","not_comparable",ORACLE_COMPILE_REJECT,"WORK_RUN_MATERIALIZED_ADAPTED_IF141A_COB_512_ERROR",no,"WORK_RUN_MATERIALIZED_ADAPTED_IF141A_COB_512_ERROR"
115,"COBOL","IF142A","IF142A.cob",ea0312d8089f5e700342849552aba3ebeb5f3c1496c8bdd4d2adc668e92ea235,"pass","pass",0,"accepted","pass",0,"match","match","match","match","match",RAW_OUTPUT_MATCH,"RAW_OUTPUT_IDENTICAL",no,""
116,"COBOL","IF401M","IF401M.cob",64c2151c9d660dfdf5bfcdd7509ef195b669acc58a18d6f81cf94df308b63f34,"pass","pass",0,"accepted","pass",0,"match","match","match","match","not_comparable",RAW_OUTPUT_MATCH,"RAW_OUTPUT_IDENTICAL",no,""
117,"COBOL","IF402M","IF402M.cob",f0e9bd79746eb46b3dbb663c9fdbbe864c9d2b67bf7ecf660576991b3374fe59,"reject","not-applicable",,"reject-unsupported","not-run",2,"not_comparable","not_comparable","not_comparable","not_comparable","not_comparable",ORACLE_COMPILE_REJECT,"WORK_RUN_MATERIALIZED_ADAPTED_IF402M_COB_ERROR_SYNTAX",no,"WORK_RUN_MATERIALIZED_ADAPTED_IF402M_COB_ERROR_SYNTAX"
118,"COBOL","IF403M","IF403M.cob",18f28996964c04607fecd9205e427d03d0186d4775f1f2d26000da7198cb41d0,"pass","pass",0,"reject-unsupported","not-run",2,"not_comparable","not_comparable","not_comparable","not_comparable","not_comparable",RUST_REJECT_UNSUPPORTED,"COBRUN_UNSUPPORTED_FUNCTION_RANDOM_COBC_DOES_NOT_IMPLEMENT",no,"cobrun: unsupported: FUNCTION RANDOM: cobc 3.2 does not implement it (a compile-reject) or it is a live-clock/locale/GMP-PRNG non-claim"
119,"COBOL","IX101A","IX101A.cob",ce9f737a82eaaae18e3beb0fad942a4bf87a9d3acd5baab1f8f6616c378a9101,"pass","fail",1,"reject-unsupported","not-run",2,"","","","","",ORACLE_RUN_FAIL,"ORACLE_RUN_NONZERO_EXIT",no,"libcob: error: file does not exist (status = 35) for file RAW-DATA ('000500')"
120,"COBOL","IX102A","IX102A.cob",48beb833f5b85a26e14592c3d03bc17b2758853dbd811b53008dbfbdeb64bc82,"bound-to-main","not-applicable",,"bound-to-main","not-applicable",,"not_comparable","not_comparable","not_comparable","not_comparable","not_comparable",NON_EXECUTABLE_LIBRARY,"SUBPROGRAM_BOUND_TO_MAIN",no,""
121,"COBOL","IX103A","IX103A.cob",f72f2619a0938185eb838441c26ac82b0fa1bbda393a26e175028e73a1900322,"bound-to-main","not-applicable",,"bound-to-main","not-applicable",,"not_comparable","not_comparable","not_comparable","not_comparable","not_comparable",NON_EXECUTABLE_LIBRARY,"SUBPROGRAM_BOUND_TO_MAIN",no,""
122,"COBOL","IX104A","IX104A.cob",d2ce6a3ba5d8b3968ff3eb9321ad3a6514a6f7cde0512633ea1508db9539e7a8,"pass","fail",1,"reject-parse","not-run",2,"","","","","",ORACLE_RUN_FAIL,"ORACLE_RUN_NONZERO_EXIT",no,"libcob: error: file does not exist (status = 35) for file RAW-DATA ('01')"
123,"COBOL","IX105A","IX105A.cob",eb4f812f0ac698e19903f68f978459722e9d15c8576c293266289a582ef80d24,"pass","pass",0,"accepted","pass",0,"mismatch","mismatch","mismatch","match","mismatch",GENERATED_FILE_MISMATCH,"GENERATED_FILES_DIFFER",no,""
124,"COBOL","IX106A","IX106A.cob",414b42931856f2bde5474134cca5083f919ad62a1d81e9fa3af9a3f131b53355,"pass","fail",1,"reject-parse","not-run",2,"","","","","",ORACLE_RUN_FAIL,"ORACLE_RUN_NONZERO_EXIT",no,"libcob: error: file does not exist (status = 35) for file RAW-DATA ('FILE=R-I-S ,RECORD=R1-F-G' => FILE=R-I-S ,RECORD=R1-F-G/0,RECNO=000000,UPDT=00,ODO=0000,PGM=IX106,LRECL=000241,BLKSIZRC=0001,LFIL=000225,ORG=RL,LBLR=S,RECKEY=UUUUUUUUUU150                ,ALTKEY1=YYYYYYYYYY075ALTKEY1         ,ALTKEY2=DDDDDDDDDD150ALTKEY2)"
125,"COBOL","IX107A","IX107A.cob",06bc6c39366fce2725f600ae8de50eadee9a6ff71b92dc4e6ac130013fa2159a,"pass","fail",1,"reject-unsupported","not-run",2,"","","","","",ORACLE_RUN_FAIL,"ORACLE_RUN_NONZERO_EXIT",no,"libcob: error: file does not exist (status = 35) for file RAW-DATA ('000649')"
126,"COBOL","IX108A","IX108A.cob",01ee23ab38427e2e3f94571f4f3e389e9c4b8e0cbf599dea98092767b6df64cb,"pass","fail",1,"accepted","pass",0,"","","","","",ORACLE_RUN_FAIL,"ORACLE_RUN_NONZERO_EXIT",no,"libcob: error: file does not exist (status = 35) for file RAW-DATA ('000100')"
127,"COBOL","IX109A","IX109A.cob",29aceb32c3b5583d69204104717361305d7b991cc7cc3f90e9239b02fa2d9c31,"reject","not-applicable",,"reject-parse","not-run",2,"not_comparable","not_comparable","not_comparable","not_comparable","not_comparable",ORACLE_COMPILE_REJECT,"WORK_RUN_MATERIALIZED_ADAPTED_IX110A_COB_121_ERROR",no,"WORK_RUN_MATERIALIZED_ADAPTED_IX110A_COB_121_ERROR"
128,"COBOL","IX110A","IX110A.cob",59bd2d3eb31ea10faf1d5825b890bd3c7b93725bb469314d1c7cdc2a56f3d1aa,"bound-to-main","not-applicable",,"bound-to-main","not-applicable",,"not_comparable","not_comparable","not_comparable","not_comparable","not_comparable",NON_EXECUTABLE_LIBRARY,"SUBPROGRAM_BOUND_TO_MAIN",no,""
129,"COBOL","IX111A","IX111A.cob",31d7161a5023dfee6864b13ccd8b2bee8f6556f644e4dfb773fe2acb61e4ffe5,"bound-to-main","not-applicable",,"bound-to-main","not-applicable",,"not_comparable","not_comparable","not_comparable","not_comparable","not_comparable",NON_EXECUTABLE_LIBRARY,"SUBPROGRAM_BOUND_TO_MAIN",no,""
130,"COBOL","IX112A","IX112A.cob",81515583f350ac5f7e7af5c2dcb71eba382d0c870efe3b5ab17d6302cdcf9dd7,"pass","fail",1,"reject-parse","not-run",2,"","","","","",ORACLE_RUN_FAIL,"ORACLE_RUN_NONZERO_EXIT",no,"libcob: error: file does not exist (status = 35) for file RAW-DATA ('000049')"
131,"COBOL","IX113A","IX113A.cob",163094c1b2139ece3df04a178f770c8ced52762305fab569121410789d7848ed,"pass","fail",1,"reject-parse","not-run",2,"","","","","",ORACLE_RUN_FAIL,"ORACLE_RUN_NONZERO_EXIT",no,"libcob: error: file does not exist (status = 35) for file RAW-DATA ('000050')"
132,"COBOL","IX114A","IX114A.cob",67f8bef830be57471b85998dc42d0c92afee2ae3078a6cb92a1e07ac0ed956c8,"bound-to-main","not-applicable",,"bound-to-main","not-applicable",,"not_comparable","not_comparable","not_comparable","not_comparable","not_comparable",NON_EXECUTABLE_LIBRARY,"SUBPROGRAM_BOUND_TO_MAIN",no,""
133,"COBOL","IX115A","IX115A.cob",6dfec9c3bdcbfa61c40b55e3a46850e89ef3c962ddcc01d50f11952663ebc9c7,"bound-to-main","not-applicable",,"bound-to-main","not-applicable",,"not_comparable","not_comparable","not_comparable","not_comparable","not_comparable",NON_EXECUTABLE_LIBRARY,"SUBPROGRAM_BOUND_TO_MAIN",no,""
134,"COBOL","IX116A","IX116A.cob",5dde761aa3e9d29ce61277c26a1b0736b4c9307a180ee2dda9f66f216f6e0636,"bound-to-main","not-applicable",,"bound-to-main","not-applicable",,"not_comparable","not_comparable","not_comparable","not_comparable","not_comparable",NON_EXECUTABLE_LIBRARY,"SUBPROGRAM_BOUND_TO_MAIN",no,""
135,"COBOL","IX117A","IX117A.cob",40358b23cc3b0f17a442b1793a171dbde7a605f37c417ad93cf96eea5e8ae6ea,"bound-to-main","not-applicable",,"bound-to-main","not-applicable",,"not_comparable","not_comparable","not_comparable","not_comparable","not_comparable",NON_EXECUTABLE_LIBRARY,"SUBPROGRAM_BOUND_TO_MAIN",no,""
136,"COBOL","IX118A","IX118A.cob",c5e06e7ea4307b99d3103f5a4224eb207e294b75a22f965bcd0e4ae7bcc4b8c2,"bound-to-main","not-applicable",,"bound-to-main","not-applicable",,"not_comparable","not_comparable","not_comparable","not_comparable","not_comparable",NON_EXECUTABLE_LIBRARY,"SUBPROGRAM_BOUND_TO_MAIN",no,""
137,"COBOL","IX119A","IX119A.cob",3b638c09e3d3842d541930438f904f55674186403ef027fcec79bf956baf7613,"bound-to-main","not-applicable",,"bound-to-main","not-applicable",,"not_comparable","not_comparable","not_comparable","not_comparable","not_comparable",NON_EXECUTABLE_LIBRARY,"SUBPROGRAM_BOUND_TO_MAIN",no,""
138,"COBOL","IX120A","IX120A.cob",7cfbf1af9c320ef75e24548d317a5f65183d8ff5bdb492306cadb15f6edb4288,"bound-to-main","not-applicable",,"bound-to-main","not-applicable",,"not_comparable","not_comparable","not_comparable","not_comparable","not_comparable",NON_EXECUTABLE_LIBRARY,"SUBPROGRAM_BOUND_TO_MAIN",no,""
139,"COBOL","IX121A","IX121A.cob",e387314d69b871c9b1b149a65bf39380a2c171177285be88b13eab0c9cbf3897,"pass","fail",1,"reject-parse","not-run",2,"","","","","",ORACLE_RUN_FAIL,"ORACLE_RUN_NONZERO_EXIT",no,"libcob: error: file does not exist (status = 35) for file RAW-DATA ('000050')"
140,"COBOL","IX201A","IX201A.cob",798e5b3e1fa413b3ffa4ddc350f21424d1ed8fd9cf286c50fd281b9bbb115824,"pass","fail",1,"reject-unsupported","not-run",2,"","","","","",ORACLE_RUN_FAIL,"ORACLE_RUN_NONZERO_EXIT",no,"libcob: error: file does not exist (status = 35) for file RAW-DATA ('000500')"
141,"COBOL","IX202A","IX202A.cob",0c71ea4984b14953539d42ebc42d2094214a6712454bf9b5698f08f8e12aecd5,"bound-to-main","not-applicable",,"bound-to-main","not-applicable",,"not_comparable","not_comparable","not_comparable","not_comparable","not_comparable",NON_EXECUTABLE_LIBRARY,"SUBPROGRAM_BOUND_TO_MAIN",no,""
142,"COBOL","IX203A","IX203A.cob",cf672c3ed3158ad7decb0d2a837879774edd78d9637a6cc444ebb20de2dd1be6,"bound-to-main","not-applicable",,"bound-to-main","not-applicable",,"not_comparable","not_comparable","not_comparable","not_comparable","not_comparable",NON_EXECUTABLE_LIBRARY,"SUBPROGRAM_BOUND_TO_MAIN",no,""
143,"COBOL","IX204A","IX204A.cob",0eeb0e18801010f0d7d3e4d2e7d3a2d6db236f7b7fa51ccc8993c8a82a5f3cb6,"pass","fail",1,"reject-parse","not-run",2,"","","","","",ORACLE_RUN_FAIL,"ORACLE_RUN_NONZERO_EXIT",no,"libcob: error: file does not exist (status = 35) for file RAW-DATA ('01')"
144,"COBOL","IX205A","IX205A.cob",2768cc4610149170c4d7b50e80df4ee90b4fed3fb30f1b212caa9a4c9a265d51,"pass","fail",1,"reject-unsupported","not-run",2,"","","","","",ORACLE_RUN_FAIL,"ORACLE_RUN_NONZERO_EXIT",no,"libcob: error: file does not exist (status = 35) for file RAW-DATA ('000175')"
145,"COBOL","IX206A","IX206A.cob",f20c8a136360e7220d1515f4cb03ea3414b1c145114d4accbe523b253c368eab,"pass","fail",1,"reject-unsupported","not-run",2,"","","","","",ORACLE_RUN_FAIL,"ORACLE_RUN_NONZERO_EXIT",no,"libcob: error: file does not exist (status = 35) for file RAW-DATA ('000175')"
146,"COBOL","IX207A","IX207A.cob",ad78e0874602c897144b06c4c61a3803db80e3bab2ae8152332835ab84a13d65,"pass","fail",1,"reject-parse","not-run",2,"","","","","",ORACLE_RUN_FAIL,"ORACLE_RUN_NONZERO_EXIT",no,"libcob: error: file does not exist (status = 35) for file RAW-DATA ('000300')"
147,"COBOL","IX208A","IX208A.cob",c48340c981a87d665e69ea77d289dd5ced2916d712ae8dbee7b256ca877459e2,"pass","fail",1,"reject-parse","not-run",2,"","","","","",ORACLE_RUN_FAIL,"ORACLE_RUN_NONZERO_EXIT",no,"libcob: error: inconsistent file name (status = 31) for file RAW-DATA ('')"
148,"COBOL","IX209A","IX209A.cob",ed78398a1fa612c0fd98f8d012c7ed9e97519da7bb4fcf065734c208278c998f,"pass","fail",1,"reject-parse","not-run",2,"","","","","",ORACLE_RUN_FAIL,"ORACLE_RUN_NONZERO_EXIT",no,"libcob: error: file does not exist (status = 35) for file RAW-DATA ('000100')"
149,"COBOL","IX210A","IX210A.cob",ddd8b9db0723d06a7f3846605df5357ffefdc6ee2746960c6c912987fbfeaecb,"pass","fail",1,"reject-parse","not-run",2,"","","","","",ORACLE_RUN_FAIL,"ORACLE_RUN_NONZERO_EXIT",no,"libcob: error: file does not exist (status = 35) for file RAW-DATA ('23')"
150,"COBOL","IX211A","IX211A.cob",b5b1334ed91efb176a2bc4fec4eb141179ea0082b6ec1be24c4c02e9004e69a1,"pass","fail",1,"reject-parse","not-run",2,"","","","","",ORACLE_RUN_FAIL,"ORACLE_RUN_NONZERO_EXIT",no,"libcob: error: file does not exist (status = 35) for file RAW-DATA ('00')"
151,"COBOL","IX212A","IX212A.cob",bc12cc1e312d8b5fd36bd76861502f14cc3a6899fe0199b8fbf1f434245c54c5,"pass","pass",0,"reject-parse","not-run",2,"not_comparable","not_comparable","not_comparable","not_comparable","not_comparable",RUST_REJECT_PARSE,"COBRUN_UNDEFINED_DATA_NAME_COUNTER00",no,"cobrun: undefined data name: COUNTER00,"
152,"COBOL","IX213A","IX213A.cob",335c142ba146ee6bd0ac849cd9b0585883b8b5b22cc641fc6e613654095275ac,"pass","pass",0,"reject-parse","not-run",2,"not_comparable","not_comparable","not_comparable","not_comparable","not_comparable",RUST_REJECT_PARSE,"COBRUN_UNDEFINED_DATA_NAME_COUNTER00",no,"cobrun: undefined data name: COUNTER00,"
153,"COBOL","IX214A","IX214A.cob",9bf809cd776208f06c0a3ac6c3887468b7466c9f4d6e83cfaa17d8939cce38b1,"pass","fail",1,"reject-parse","not-run",2,"","","","","",ORACLE_RUN_FAIL,"ORACLE_RUN_NONZERO_EXIT",no,"libcob: error: file does not exist (status = 35) for file RAW-DATA ('23')"
154,"COBOL","IX215A","IX215A.cob",face289f385cf4f041f63e22342c26bcc1a291d55690a2c2249f3ff5f88d050b,"pass","fail",1,"reject-parse","not-run",2,"","","","","",ORACLE_RUN_FAIL,"ORACLE_RUN_NONZERO_EXIT",no,"libcob: error: file does not exist (status = 35) for file RAW-DATA ('FILE=IX-FD3,RECORD=R1-F-G' => FILE=IX-FD3,RECORD=R1-F-G/0,RECNO=000012,UPDT=00,ODO=0000,PGM=IX215,LRECL=000242,BLKSIZRC=0007,LFIL=000200,ORG=IX,LBLR=S,RECKEY=CCCCCCCCDD024                ,ALTKEY1=CDCDCDCDCD100ALTKEY1         ,ALTKEY2=DCDCDCDCDC100ALTKEY2)"
155,"COBOL","IX216A","IX216A.cob",4000e2a5e36ce5dc042c2fd847f895ba6959469ae09fa80fa64e8fec17a308dc,"pass","fail",1,"reject-unsupported","not-run",2,"","","","","",ORACLE_RUN_FAIL,"ORACLE_RUN_NONZERO_EXIT",no,"libcob: error: file does not exist (status = 35) for file RAW-DATA ('01')"
156,"COBOL","IX217A","IX217A.cob",ee6c6ae2ac6dd282eeaea55dc5e56793458d8ff481ec9e575962fe9320e66710,"pass","pass",0,"reject-unsupported","not-run",2,"not_comparable","not_comparable","not_comparable","not_comparable","not_comparable",RUST_REJECT_UNSUPPORTED,"COBRUN_UNSUPPORTED_OPEN_FS1_NOT_DECLARED_FILE",no,"cobrun: unsupported: OPEN: `IX-FS1` is not a declared file"
157,"COBOL","IX218A","IX218A.cob",756e258ee3d524163437e93c903417b0ceff8211f35f64133a87fc57ff156253,"pass","pass",0,"reject-unsupported","not-run",2,"not_comparable","not_comparable","not_comparable","not_comparable","not_comparable",RUST_REJECT_UNSUPPORTED,"COBRUN_UNSUPPORTED_OPEN_FS1_NOT_DECLARED_FILE",no,"cobrun: unsupported: OPEN: `IX-FS1` is not a declared file"
158,"COBOL","IX301M","IX301M.cob",7dac1ae662e4397525a075a29882960fb4d1ae260852ebd32e7bc36b4c1e4625,"pass","fail",1,"reject-unsupported","not-run",2,"","","","","",ORACLE_RUN_FAIL,"ORACLE_RUN_NONZERO_EXIT",no,"libcob: error: file does not exist (status = 35) for file TFIL ('XXXXX024')"
159,"COBOL","IX302M","IX302M.cob",504b78ca829350ea8415ba2442b86c03dcfba747c45251a4fa4fceb0e90cdf42,"pass","pass",0,"accepted","pass",0,"match","match","match","match","not_comparable",RAW_OUTPUT_MATCH,"RAW_OUTPUT_IDENTICAL",no,""
160,"COBOL","IX401M","IX401M.cob",6e961acd62a03f1bfca268b72e47b27f1a726849a79d2257696a69c0d615e15b,"pass","fail",1,"reject-unsupported","not-run",2,"","","","","",ORACLE_RUN_FAIL,"ORACLE_RUN_NONZERO_EXIT",no,"libcob: error: file does not exist (status = 35) for file TFIL2 ('XXXXX026')"
161,"CLBRY","K101A","copybooks/K101A.cpy",06404ef973442aac6d12f61e5b7d61898a7ed373a5bbf122d5499f7467db9f89,"","",,"","",,"not_comparable","not_comparable","not_comparable","not_comparable","not_comparable",NON_EXECUTABLE_LIBRARY,"LIBRARY_TEXT_UNIT",no,""
162,"CLBRY","K1DAA","copybooks/K1DAA.cpy",7345a1b98c2fca456a53a21f302a250d37f124331ddb6b35e69626e97d1234ba,"","",,"","",,"not_comparable","not_comparable","not_comparable","not_comparable","not_comparable",NON_EXECUTABLE_LIBRARY,"LIBRARY_TEXT_UNIT",no,""
163,"CLBRY","K1FDA","copybooks/K1FDA.cpy",0ba67fe05e26e9017d15d584491980e047cd9bd0df1b6d370da9295a66a0122d,"","",,"","",,"not_comparable","not_comparable","not_comparable","not_comparable","not_comparable",NON_EXECUTABLE_LIBRARY,"LIBRARY_TEXT_UNIT",no,""
164,"CLBRY","K1P01","copybooks/K1P01.cpy",0dfee624f77ce0f34ae1ed3e3c3c92b70d5462299a812ee24a4bc7aa349ef7f4,"","",,"","",,"not_comparable","not_comparable","not_comparable","not_comparable","not_comparable",NON_EXECUTABLE_LIBRARY,"LIBRARY_TEXT_UNIT",no,""
165,"CLBRY","K1PRA","copybooks/K1PRA.cpy",d6325d5d01f4e6684a0fa303de305161cefcb479b7e7c5443f104b5aeccf1cac,"","",,"","",,"not_comparable","not_comparable","not_comparable","not_comparable","not_comparable",NON_EXECUTABLE_LIBRARY,"LIBRARY_TEXT_UNIT",no,""
166,"CLBRY","K1PRB","copybooks/K1PRB.cpy",3228d01268129237478aa304bd1eac4203d21953b5ed40bf3942abbf1e7a2e7d,"","",,"","",,"not_comparable","not_comparable","not_comparable","not_comparable","not_comparable",NON_EXECUTABLE_LIBRARY,"LIBRARY_TEXT_UNIT",no,""
167,"CLBRY","K1PRC","copybooks/K1PRC.cpy",9492c7bf99b387977d6d57b988b7b4ce1fc380c21a324d8a3252fa9740095b8c,"","",,"","",,"not_comparable","not_comparable","not_comparable","not_comparable","not_comparable",NON_EXECUTABLE_LIBRARY,"LIBRARY_TEXT_UNIT",no,""
168,"CLBRY","K1SEA","copybooks/K1SEA.cpy",1e3b0230c438b0f72beb92b5eed77baba89ec7ec819ef0efff4a9b6c6ae717ff,"","",,"","",,"not_comparable","not_comparable","not_comparable","not_comparable","not_comparable",NON_EXECUTABLE_LIBRARY,"LIBRARY_TEXT_UNIT",no,""
169,"CLBRY","K1W01","copybooks/K1W01.cpy",d27e4b215a4b1beaf87ce97d10a88f36a95121ad73b0ed42d9b42cfd5c6f380f,"","",,"","",,"not_comparable","not_comparable","not_comparable","not_comparable","not_comparable",NON_EXECUTABLE_LIBRARY,"LIBRARY_TEXT_UNIT",no,""
170,"CLBRY","K1W02","copybooks/K1W02.cpy",d9c2688857bfc3605b1a90c33048121907b809a932e04a231cd5a5ea665b88fe,"","",,"","",,"not_comparable","not_comparable","not_comparable","not_comparable","not_comparable",NON_EXECUTABLE_LIBRARY,"LIBRARY_TEXT_UNIT",no,""
171,"CLBRY","K1W03","copybooks/K1W03.cpy",fe7e743ace0f70347fa8c5f283a1c30d332be17d4c18679bda437c6b61aa87c2,"","",,"","",,"not_comparable","not_comparable","not_comparable","not_comparable","not_comparable",NON_EXECUTABLE_LIBRARY,"LIBRARY_TEXT_UNIT",no,""
172,"CLBRY","K1W04","copybooks/K1W04.cpy",5b4030a5b2de043f03ea6a76d113104d71e86a3c3f9cb8ec4578200dd069b04d,"","",,"","",,"not_comparable","not_comparable","not_comparable","not_comparable","not_comparable",NON_EXECUTABLE_LIBRARY,"LIBRARY_TEXT_UNIT",no,""
173,"CLBRY","K1WKA","copybooks/K1WKA.cpy",5afbb554021309f72d48486ce3cc826cee1c830d67bc952afbaff670df7efbd3,"","",,"","",,"not_comparable","not_comparable","not_comparable","not_comparable","not_comparable",NON_EXECUTABLE_LIBRARY,"LIBRARY_TEXT_UNIT",no,""
174,"CLBRY","K1WKB","copybooks/K1WKB.cpy",a7be02960e5203c733ece7f0988326544280c72ee15df5283c9732e80a30acad,"","",,"","",,"not_comparable","not_comparable","not_comparable","not_comparable","not_comparable",NON_EXECUTABLE_LIBRARY,"LIBRARY_TEXT_UNIT",no,""
175,"CLBRY","K1WKC","copybooks/K1WKC.cpy",0104634bede8f57bf4771bd61f5124dacc46842ace47ea3456fbc21b0c757862,"","",,"","",,"not_comparable","not_comparable","not_comparable","not_comparable","not_comparable",NON_EXECUTABLE_LIBRARY,"LIBRARY_TEXT_UNIT",no,""
176,"CLBRY","K1WKY","copybooks/K1WKY.cpy",42846c7dae39fe56d3bb0e9f2544272996932b2f0766be913d6cb322e87f1863,"","",,"","",,"not_comparable","not_comparable","not_comparable","not_comparable","not_comparable",NON_EXECUTABLE_LIBRARY,"LIBRARY_TEXT_UNIT",no,""
177,"CLBRY","K1WKZ","copybooks/K1WKZ.cpy",26b0e508fdabc5721057cdee68f1b34571bd632ebe279ecfc3681dcb4f896c0c,"","",,"","",,"not_comparable","not_comparable","not_comparable","not_comparable","not_comparable",NON_EXECUTABLE_LIBRARY,"LIBRARY_TEXT_UNIT",no,""
178,"CLBRY","K2PRA","copybooks/K2PRA.cpy",7cf3fed1280952e25d866bcf650afe02b5c4626c812482f38187c97b508e2a98,"","",,"","",,"not_comparable","not_comparable","not_comparable","not_comparable","not_comparable",NON_EXECUTABLE_LIBRARY,"LIBRARY_TEXT_UNIT",no,""
179,"CLBRY","K2SEA","copybooks/K2SEA.cpy",345d9c8b40b2a31e03317333bc4380bdc762c44802d5d9453fd16604f8f1dd09,"","",,"","",,"not_comparable","not_comparable","not_comparable","not_comparable","not_comparable",NON_EXECUTABLE_LIBRARY,"LIBRARY_TEXT_UNIT",no,""
180,"CLBRY","K3FCA","copybooks/K3FCA.cpy",33ee6ea6ad5a615ac1fe1ed76ee60230ae8df460483a8cdb98b0bad8174da08d,"","",,"","",,"not_comparable","not_comparable","not_comparable","not_comparable","not_comparable",NON_EXECUTABLE_LIBRARY,"LIBRARY_TEXT_UNIT",no,""
181,"CLBRY","K3FCB","copybooks/K3FCB.cpy",31720efe066a96e4a25e982ce164fb91ac3300480def0b3ec40c9cc88f77e583,"","",,"","",,"not_comparable","not_comparable","not_comparable","not_comparable","not_comparable",NON_EXECUTABLE_LIBRARY,"LIBRARY_TEXT_UNIT",no,""
182,"CLBRY","K3IOA","copybooks/K3IOA.cpy",13d85c909da91959e77bb823686d750ee513cbd60adf22d83737324e6a0d49be,"","",,"","",,"not_comparable","not_comparable","not_comparable","not_comparable","not_comparable",NON_EXECUTABLE_LIBRARY,"LIBRARY_TEXT_UNIT",no,""
183,"CLBRY","K3IOB","copybooks/K3IOB.cpy",46b01eb6b246b942c8ae693f8f8d894431e8863a0fb1109bf9dd4c091302f711,"","",,"","",,"not_comparable","not_comparable","not_comparable","not_comparable","not_comparable",NON_EXECUTABLE_LIBRARY,"LIBRARY_TEXT_UNIT",no,""
184,"CLBRY","K3LGE","copybooks/K3LGE.cpy",6145afa6ffdda852f83120557b18f68d1f18e574123136714ec64d519f16c2fa,"","",,"","",,"not_comparable","not_comparable","not_comparable","not_comparable","not_comparable",NON_EXECUTABLE_LIBRARY,"LIBRARY_TEXT_UNIT",no,""
185,"CLBRY","K3OCA","copybooks/K3OCA.cpy",268d512d3d18d09e8f4e703df23ca2b9edd2b82ea5651f9550f0fecd89539e34,"","",,"","",,"not_comparable","not_comparable","not_comparable","not_comparable","not_comparable",NON_EXECUTABLE_LIBRARY,"LIBRARY_TEXT_UNIT",no,""
186,"CLBRY","K3SCA","copybooks/K3SCA.cpy",ccc5d58a6bbe6b11576d496784c65bf70b41c07b304959f2bb38eebb14d62dd3,"","",,"","",,"not_comparable","not_comparable","not_comparable","not_comparable","not_comparable",NON_EXECUTABLE_LIBRARY,"LIBRARY_TEXT_UNIT",no,""
187,"CLBRY","K3SML","copybooks/K3SML.cpy",7ad3cd4a25dbb54f68fbb20be95e10117747ad468ff6d0b00f08d30ff221fb7b,"","",,"","",,"not_comparable","not_comparable","not_comparable","not_comparable","not_comparable",NON_EXECUTABLE_LIBRARY,"LIBRARY_TEXT_UNIT",no,""
188,"CLBRY","K3SNA","copybooks/K3SNA.cpy",4d28780399fef5c97c23d6149e9df0617b32602c77fe20fc92fd53b149e8f969,"","",,"","",,"not_comparable","not_comparable","not_comparable","not_comparable","not_comparable",NON_EXECUTABLE_LIBRARY,"LIBRARY_TEXT_UNIT",no,""
189,"CLBRY","K3SNB","copybooks/K3SNB.cpy",021b3a05916123ff1a77983e49718d62da6c341f818608bc11cabd4e288e836e,"","",,"","",,"not_comparable","not_comparable","not_comparable","not_comparable","not_comparable",NON_EXECUTABLE_LIBRARY,"LIBRARY_TEXT_UNIT",no,""
190,"CLBRY","K4NTA","copybooks/K4NTA.cpy",d9ece7b6a091c58dfe2aa3f12981c112e49e18f070cdabf81efa09199cc79aa7,"","",,"","",,"not_comparable","not_comparable","not_comparable","not_comparable","not_comparable",NON_EXECUTABLE_LIBRARY,"LIBRARY_TEXT_UNIT",no,""
191,"CLBRY","K501A","copybooks/K501A.cpy",3a570f8c2d0fc81611b04c9d1b08a9d89f49bf8651536603f3e3b99242dbdcf0,"","",,"","",,"not_comparable","not_comparable","not_comparable","not_comparable","not_comparable",NON_EXECUTABLE_LIBRARY,"LIBRARY_TEXT_UNIT",no,""
192,"CLBRY","K501B","copybooks/K501B.cpy",9b2a581221b71d48ddcb59bcfdae1a6e0921d7ef0ad5320acca54ca819934f74,"","",,"","",,"not_comparable","not_comparable","not_comparable","not_comparable","not_comparable",NON_EXECUTABLE_LIBRARY,"LIBRARY_TEXT_UNIT",no,""
193,"CLBRY","K5SDA","copybooks/K5SDA.cpy",96620e25c4edd8af885c00d94fa49389485eacb88cca7f80ebb3f8a3e9c8dd7f,"","",,"","",,"not_comparable","not_comparable","not_comparable","not_comparable","not_comparable",NON_EXECUTABLE_LIBRARY,"LIBRARY_TEXT_UNIT",no,""
194,"CLBRY","K5SDB","copybooks/K5SDB.cpy",90ca34156ace03c412e51755c0ba32de7a6b6b63a13fc405774b5d376fef4194,"","",,"","",,"not_comparable","not_comparable","not_comparable","not_comparable","not_comparable",NON_EXECUTABLE_LIBRARY,"LIBRARY_TEXT_UNIT",no,""
195,"CLBRY","K6SCA","copybooks/K6SCA.cpy",4fb50a37c2790de56ed7f976a8328a5c0a7cb49827e4e62f458767cc13c7fd99,"","",,"","",,"not_comparable","not_comparable","not_comparable","not_comparable","not_comparable",NON_EXECUTABLE_LIBRARY,"LIBRARY_TEXT_UNIT",no,""
196,"CLBRY","K7SEA","copybooks/K7SEA.cpy",820e0dc8f5aa902aeafa10ccb1f2b48cc62bd98f33c767973eb3bc99da547c57,"","",,"","",,"not_comparable","not_comparable","not_comparable","not_comparable","not_comparable",NON_EXECUTABLE_LIBRARY,"LIBRARY_TEXT_UNIT",no,""
197,"CLBRY","KK208A","copybooks/KK208A.cpy",a8d0f90109d89455c5acbb68fd6c29594f59e6e926a0d9e5f62d3422e05a6818,"","",,"","",,"not_comparable","not_comparable","not_comparable","not_comparable","not_comparable",NON_EXECUTABLE_LIBRARY,"LIBRARY_TEXT_UNIT",no,""
198,"CLBRY","KP001","copybooks/KP001.cpy",af8e7f6899dc6b8afef946beba2f80e51f2f3b618e4eacadea825e1a3c0fe509,"","",,"","",,"not_comparable","not_comparable","not_comparable","not_comparable","not_comparable",NON_EXECUTABLE_LIBRARY,"LIBRARY_TEXT_UNIT",no,""
199,"CLBRY","KP002","copybooks/KP002.cpy",968a70e7cb0d8b4b4353b5d4cde90ce33af2d558e7225eff08a41562aa896c23,"","",,"","",,"not_comparable","not_comparable","not_comparable","not_comparable","not_comparable",NON_EXECUTABLE_LIBRARY,"LIBRARY_TEXT_UNIT",no,""
200,"CLBRY","KP003","copybooks/KP003.cpy",314d30e7a485d19f76cd29e3540e293e69c9dc1057ff3aec349ca316b84c9f43,"","",,"","",,"not_comparable","not_comparable","not_comparable","not_comparable","not_comparable",NON_EXECUTABLE_LIBRARY,"LIBRARY_TEXT_UNIT",no,""
201,"CLBRY","KP004","copybooks/KP004.cpy",e28e9cb69e1d0f8c57260aa344e3d5fb9b023a94ccb832457d5ee4b16783feed,"","",,"","",,"not_comparable","not_comparable","not_comparable","not_comparable","not_comparable",NON_EXECUTABLE_LIBRARY,"LIBRARY_TEXT_UNIT",no,""
202,"CLBRY","KP005","copybooks/KP005.cpy",5346d6896a932aa985872e1bf2c323728646804dd1c051d66ad9b4c38c5e8ae4,"","",,"","",,"not_comparable","not_comparable","not_comparable","not_comparable","not_comparable",NON_EXECUTABLE_LIBRARY,"LIBRARY_TEXT_UNIT",no,""
203,"CLBRY","KP006","copybooks/KP006.cpy",ecc7994d770d494499f7c469d08194762128c4dbb7136d04de7c1518ea4688da,"","",,"","",,"not_comparable","not_comparable","not_comparable","not_comparable","not_comparable",NON_EXECUTABLE_LIBRARY,"LIBRARY_TEXT_UNIT",no,""
204,"CLBRY","KP007","copybooks/KP007.cpy",1e03a4d6d4d384fc9ad4a2e317f750d2b75bc52c0ccc87001d9f38ff335ff0c4,"","",,"","",,"not_comparable","not_comparable","not_comparable","not_comparable","not_comparable",NON_EXECUTABLE_LIBRARY,"LIBRARY_TEXT_UNIT",no,""
205,"CLBRY","KP008","copybooks/KP008.cpy",c58948c7bced055c89423ffda53194c993582744e84fad64ecf1b79ca33f904e,"","",,"","",,"not_comparable","not_comparable","not_comparable","not_comparable","not_comparable",NON_EXECUTABLE_LIBRARY,"LIBRARY_TEXT_UNIT",no,""
206,"CLBRY","KP009","copybooks/KP009.cpy",23b49ec83d28d376ebbb32f89f8f63d3ecdd85d36408eed700b77e9a87c5d7fe,"","",,"","",,"not_comparable","not_comparable","not_comparable","not_comparable","not_comparable",NON_EXECUTABLE_LIBRARY,"LIBRARY_TEXT_UNIT",no,""
207,"CLBRY","KP010","copybooks/KP010.cpy",c5204660fd80a6d963e4e73a8e36b285382febbd327d254e0d4fd8d7b9be3bfb,"","",,"","",,"not_comparable","not_comparable","not_comparable","not_comparable","not_comparable",NON_EXECUTABLE_LIBRARY,"LIBRARY_TEXT_UNIT",no,""
208,"CLBRY","KSM31","copybooks/KSM31.cpy",985b9db48dbada8e07c4ee117d6c318262c401c7bfd0fcae2918e74cec083546,"","",,"","",,"not_comparable","not_comparable","not_comparable","not_comparable","not_comparable",NON_EXECUTABLE_LIBRARY,"LIBRARY_TEXT_UNIT",no,""
209,"CLBRY","KSM41","copybooks/KSM41.cpy",81e153f0e779046656694c91652436ccebd401f826a3960fbd665bba1f33a08f,"","",,"","",,"not_comparable","not_comparable","not_comparable","not_comparable","not_comparable",NON_EXECUTABLE_LIBRARY,"LIBRARY_TEXT_UNIT",no,""
210,"COBOL","NC101A","NC101A.cob",f41da37fa6c4f576b9e0f50079f1ec3a1888530d87666697b6e4de721a49486c,"pass","pass",0,"accepted","pass",0,"mismatch","mismatch","match","match","mismatch",OUTPUT_MISMATCH,"OUTPUT_BYTES_DIFFER",no,""
211,"COBOL","NC102A","NC102A.cob",aa56242e60c1206ee1a4d025ba70adc8dce7b092e078786d47495b51a2d2d117,"pass","pass",0,"accepted","pass",0,"mismatch","mismatch","match","match","mismatch",OUTPUT_MISMATCH,"OUTPUT_BYTES_DIFFER",no,""
212,"COBOL","NC103A","NC103A.cob",969dd83bef9c1c314c61591367c4b531ed1628345cd8aea8e6221427c9f8609d,"pass","pass",0,"reject-unsupported","not-run",2,"not_comparable","not_comparable","not_comparable","not_comparable","not_comparable",RUST_REJECT_UNSUPPORTED,"COBRUN_UNSUPPORTED_PIC_ABABX0A_UNSUPPORTEDSYMBOL",no,"cobrun: unsupported: PIC ABABX0A: UnsupportedSymbol('A')"
213,"COBOL","NC104A","NC104A.cob",6d6056ad86ec2bcdb5302a7178a4a3495094195df05ae43192994911bd75d5b8,"pass","pass",0,"reject-unsupported","not-run",2,"not_comparable","not_comparable","not_comparable","not_comparable","not_comparable",RUST_REJECT_UNSUPPORTED,"COBRUN_UNSUPPORTED_PIC_XBX0XBX0X_UNSUPPORTEDSYMBOL",no,"cobrun: unsupported: PIC XBX0XBX0X: UnsupportedSymbol('X')"
214,"COBOL","NC105A","NC105A.cob",10f8fdf48affc265c443852a28c1cf67f347062770c4c4c61d13ce5ed35a4835,"pass","pass",0,"reject-unsupported","not-run",2,"not_comparable","not_comparable","not_comparable","not_comparable","not_comparable",RUST_REJECT_UNSUPPORTED,"COBRUN_UNSUPPORTED_PIC_UNSUPPORTEDSYMBOL",no,"cobrun: unsupported: PIC X(26)BX(12)0X(10): UnsupportedSymbol('X')"
215,"COBOL","NC106A","NC106A.cob",2d35942f4718e233f338af6f3ca2766d422873a3138803d175e24a845132e1fa,"pass","pass",0,"accepted","pass",0,"mismatch","mismatch","match","match","mismatch",OUTPUT_MISMATCH,"OUTPUT_BYTES_DIFFER",no,""
216,"COBOL","NC107A","NC107A.cob",2717e46f3091c6ce7f1baae49bd437b332664ef87f86fd75bac44143860ab092,"pass","pass",0,"reject-unsupported","not-run",2,"not_comparable","not_comparable","not_comparable","not_comparable","not_comparable",RUST_REJECT_UNSUPPORTED,"COBRUN_UNSUPPORTED_PIC_000000000000000020_BADREPEAT",no,"cobrun: unsupported: PIC X(000000000000000020): BadRepeat"
217,"COBOL","NC108M","NC108M.cob",fe6aa01be2da1aab4b803ca822d95a5bcdc2732c4e2a30a9cc88ef8f03443087,"pass","pass",0,"accepted","pass",0,"mismatch","mismatch","match","match","mismatch",OUTPUT_MISMATCH,"OUTPUT_BYTES_DIFFER",no,""
218,"COBOL","NC109M","NC109M.cob",12563bbe215b56adc74f944febaa155221564f17435e50c5fb5e2ecb45a9013a,"pass","pass",0,"reject-unsupported","not-run",2,"not_comparable","not_comparable","not_comparable","not_comparable","not_comparable",RUST_REJECT_UNSUPPORTED,"COBRUN_UNSUPPORTED_ACCEPT_FROM_TERMINAL_CONSOLE_INTERACTIVE_INPUT",no,"cobrun: unsupported: ACCEPT FROM terminal/console: interactive input is a runtime non-claim (no deterministic oracle); the wired sources are DATE/DAY/TIME/DAY-OF-WEEK/ENVIRONMENT"
219,"DATA*","NC109M","data/NC109M.dat",8e37a4abd60daf012f7c6e0364abd8ce6b5362833e15825546709c3a7838650c,"","",,"","",,"not_comparable","not_comparable","not_comparable","not_comparable","not_comparable",NON_EXECUTABLE_DATA,"DATA_UNIT",no,""
220,"COBOL","NC110M","NC110M.cob",ac04e1071a38be09bf96b79f59e1f66875a333d7e69b3fa10e4df3ea03f52154,"pass","pass",0,"accepted","pass",0,"match","match","match","match","not_comparable",RAW_OUTPUT_MATCH,"RAW_OUTPUT_IDENTICAL",no,""
221,"COBOL","NC111A","NC111A.cob",9b5280319fbbe83c48eff440286ba58609f4f88743c917c5257bff35957aed1f,"pass","pass",0,"accepted","pass",0,"mismatch","mismatch","match","match","mismatch",OUTPUT_MISMATCH,"OUTPUT_BYTES_DIFFER",no,""
222,"COBOL","NC112A","NC112A.cob",53e8e78fee2b0095a0c225b82ac8f18bdffcb9614b8179f1d75e1b846ae552ab,"pass","pass",0,"accepted","pass",0,"match","match","match","match","match",RAW_OUTPUT_MATCH,"RAW_OUTPUT_IDENTICAL",no,""
223,"COBOL","NC113M","NC113M.cob",52a623b90c6f17dac51180050dca20aa4ff7afb404752adb6cba2dd241574e6f,"pass","pass",0,"accepted","pass",0,"mismatch","mismatch","match","match","mismatch",OUTPUT_MISMATCH,"OUTPUT_BYTES_DIFFER",no,""
224,"COBOL","NC114M","NC114M.cob",03b21af7b4ba1f8c276bcfd7fb694a153c99bc3f27882dc2c2054151f9e2266a,"pass","pass",0,"reject-unsupported","not-run",2,"not_comparable","not_comparable","not_comparable","not_comparable","not_comparable",RUST_REJECT_UNSUPPORTED,"COBRUN_UNSUPPORTED_PIC_ABA_UNSUPPORTEDSYMBOL",no,"cobrun: unsupported: PIC ABA: UnsupportedSymbol('A')"
225,"COBOL","NC115A","NC115A.cob",7324e9788fcb1ad89653896ee37442fc0e0bb63d87929a43b73a3b43284b092c,"pass","pass",0,"accepted","pass",0,"match","match","match","match","match",RAW_OUTPUT_MATCH,"RAW_OUTPUT_IDENTICAL",no,""
226,"COBOL","NC116A","NC116A.cob",7865b0cb5f6a6d7d92dea6c4a64d6a4582dcc67ef660c289dced03615ddcf4cd,"pass","pass",0,"accepted","pass",0,"mismatch","mismatch","match","match","mismatch",OUTPUT_MISMATCH,"OUTPUT_BYTES_DIFFER",no,""
227,"COBOL","NC117A","NC117A.cob",6e9c9862899a7284e981125c776cab050902f34cafffc3c54726c7f8be1d46ed,"pass","pass",0,"accepted","pass",0,"mismatch","mismatch","match","match","mismatch",OUTPUT_MISMATCH,"OUTPUT_BYTES_DIFFER",no,""
228,"COBOL","NC118A","NC118A.cob",86d8432a5f7e28e64d3a7b149582c7e9d0e231f17ba4fcc48de7386b081c9357,"pass","pass",0,"reject-unsupported","not-run",2,"not_comparable","not_comparable","not_comparable","not_comparable","not_comparable",RUST_REJECT_UNSUPPORTED,"COBRUN_UNSUPPORTED_NOT_NUMERIC_LITERAL_ZERO",no,"cobrun: unsupported: not a numeric literal: ZERO"
229,"COBOL","NC119A","NC119A.cob",4160992d55b27488857369899f7b9253979bdb5d1383f86c9ae45c6c52c36aa7,"pass","pass",0,"reject-unsupported","not-run",2,"not_comparable","not_comparable","not_comparable","not_comparable","not_comparable",RUST_REJECT_UNSUPPORTED,"COBRUN_UNSUPPORTED_NOT_NUMERIC_LITERAL_ZERO",no,"cobrun: unsupported: not a numeric literal: ZERO"
230,"COBOL","NC120A","NC120A.cob",31c3ad388515fdf80c7dba2330c33996990d8e716455b55caeb5fa42d5260cd7,"pass","pass",0,"accepted","pass",0,"mismatch","mismatch","match","match","mismatch",OUTPUT_MISMATCH,"OUTPUT_BYTES_DIFFER",no,""
231,"COBOL","NC121M","NC121M.cob",c928a4508de1db064d09cfec1c154ae27871877c7aa06ee4aa0979bbb44eac4a,"pass","pass",0,"reject-parse","not-run",2,"not_comparable","not_comparable","not_comparable","not_comparable","not_comparable",RUST_REJECT_PARSE,"COBRUN_UNDEFINED_DATA_NAME_TABLE2_NUM_INDEX2",no,"cobrun: undefined data name: TABLE2-NUM(INDEX2)"
232,"COBOL","NC122A","NC122A.cob",02f7456ad0b1223e82b970ddfafbe203e4ff320adaa1aba5337be30efac37845,"pass","pass",0,"reject-unsupported","not-run",2,"not_comparable","not_comparable","not_comparable","not_comparable","not_comparable",RUST_REJECT_UNSUPPORTED,"COBRUN_UNSUPPORTED_SUBSCRIPT_INDEX2_NOT_INTEGER",no,"cobrun: unsupported: subscript 'INDEX2 + 1' is not an integer"
233,"COBOL","NC123A","NC123A.cob",2842b0f7e04101c4bd864c2430de9393a24234d9cac6ea83cffe8dcf2d4c79cf,"pass","pass",0,"reject-parse","not-run",2,"not_comparable","not_comparable","not_comparable","not_comparable","not_comparable",RUST_REJECT_PARSE,"COBRUN_UNDEFINED_DATA_NAME_TABLE2_NUM_INDEX2",no,"cobrun: undefined data name: TABLE2-NUM(INDEX2)"
234,"COBOL","NC124A","NC124A.cob",c5e78c69f26db8ae691139018004fb1d052a24245ff85d33525f2d76a1bcfc57,"pass","pass",0,"reject-unsupported","not-run",2,"not_comparable","not_comparable","not_comparable","not_comparable","not_comparable",RUST_REJECT_UNSUPPORTED,"COBRUN_UNSUPPORTED_UNSUPPORTED_LEVEL_NUMBER",no,"cobrun: unsupported: unsupported level number ++"
235,"COBOL","NC125A","NC125A.cob",803cd6e5dc232de597a9685cbc5f6e658102c5de753115ca73ec4d75d573d595,"pass","pass",0,"accepted","pass",0,"mismatch","mismatch","match","match","mismatch",OUTPUT_MISMATCH,"OUTPUT_BYTES_DIFFER",no,""
236,"COBOL","NC126A","NC126A.cob",6bc0eac4d6de536a04cf47fee9615c27bfce5c0059f7db8eb80cf70c40674c17,"pass","pass",0,"reject-unsupported","not-run",2,"not_comparable","not_comparable","not_comparable","not_comparable","not_comparable",RUST_REJECT_UNSUPPORTED,"COBRUN_UNSUPPORTED_PIC_XBXBXBX_UNSUPPORTEDSYMBOL",no,"cobrun: unsupported: PIC XBXBXBX: UnsupportedSymbol('X')"
237,"COBOL","NC127A","NC127A.cob",46f3655500f980cf65165babcc39cb6daa101d4088ae629fa1d85813eeca881a,"pass","pass",0,"accepted","pass",0,"match","match","match","match","match",RAW_OUTPUT_MATCH,"RAW_OUTPUT_IDENTICAL",no,""
238,"COBOL","NC131A","NC131A.cob",fe94ad49d7ee4e2d1ed4287b58ee4d39d34ea30edb978e4f1917e36a45e7f5b7,"pass","pass",0,"accepted","pass",0,"match","match","match","match","match",RAW_OUTPUT_MATCH,"RAW_OUTPUT_IDENTICAL",no,""
239,"COBOL","NC132A","NC132A.cob",99acc7556e0744f5fd63910e1860d62675b5b10534d798807665b8b7a5f602b6,"pass","pass",0,"reject-parse","not-run",2,"not_comparable","not_comparable","not_comparable","not_comparable","not_comparable",RUST_REJECT_PARSE,"COBRUN_UNDEFINED_DATA_NAME_ENTRY",no,"cobrun: undefined data name: ENTRY-C(1)"
240,"COBOL","NC133A","NC133A.cob",498ba982fce96e372cba8847dc8fdaa179a9bae04a2eafd91aeb71d12a30ee6b,"pass","pass",0,"accepted","pass",0,"match","match","match","match","match",RAW_OUTPUT_MATCH,"RAW_OUTPUT_IDENTICAL",no,""
241,"COBOL","NC134A","NC134A.cob",00ca371f4d1387665399880307e1ad5591195f0229966709c3733cec306f469f,"pass","pass",0,"reject-unsupported","not-run",2,"not_comparable","not_comparable","not_comparable","not_comparable","not_comparable",RUST_REJECT_UNSUPPORTED,"COBRUN_UNSUPPORTED_NOT_NUMERIC_LITERAL_YEAR",no,"cobrun: unsupported: not a numeric literal: YEAR-1(1 1)"
242,"COBOL","NC135A","NC135A.cob",91fd9cbde6a57919dee4a95b4b7da8661aead05e3447b3cb8233eddb2014fe3e,"pass","pass",0,"reject-parse","not-run",2,"not_comparable","not_comparable","not_comparable","not_comparable","not_comparable",RUST_REJECT_PARSE,"COBRUN_UNDEFINED_DATA_NAME_INXEX2",no,"cobrun: undefined data name: INXEX2"
243,"COBOL","NC136A","NC136A.cob",3d88507898dcf1e1203f10c4b2158591f2ffeec7ff70c6098f1959a3411e2d03,"pass","pass",0,"accepted","pass",0,"match","match","match","match","match",RAW_OUTPUT_MATCH,"RAW_OUTPUT_IDENTICAL",no,""
244,"COBOL","NC137A","NC137A.cob",20577514b90a67f8bd351b7a968ae2b4bc12645894927afac8e1af4a4e148713,"pass","pass",0,"reject-parse","not-run",2,"not_comparable","not_comparable","not_comparable","not_comparable","not_comparable",RUST_REJECT_PARSE,"COBRUN_UNDEFINED_DATA_NAME_IDX",no,"cobrun: undefined data name: IDX-2"
245,"COBOL","NC138A","NC138A.cob",8ba0001b25a10d4b649bac23c2a1234751a6cfe72759a59f43b894c62422876f,"pass","pass",0,"reject-unsupported","not-run",2,"not_comparable","not_comparable","not_comparable","not_comparable","not_comparable",RUST_REJECT_UNSUPPORTED,"COBRUN_UNSUPPORTED_SUBSCRIPT_NOT_INTEGER",no,"cobrun: unsupported: subscript 'S1 ' is not an integer"
246,"COBOL","NC139A","NC139A.cob",a24da5d80fb4ee85ce5a99145b4089df95f3e04cb1fc475b47ff270dfd758155,"pass","pass",0,"reject-unsupported","not-run",2,"not_comparable","not_comparable","not_comparable","not_comparable","not_comparable",RUST_REJECT_UNSUPPORTED,"COBRUN_UNSUPPORTED_SUBSCRIPT_IN1_NOT_INTEGER",no,"cobrun: unsupported: subscript 'IN1 + 1' is not an integer"
247,"COBOL","NC140A","NC140A.cob",1d5c848e0f42fcf585abe00fdc67c6d52bbccc597a355a8d19d12e89e0bbbcc6,"pass","pass",0,"accepted","pass",0,"mismatch","mismatch","match","match","mismatch",OUTPUT_MISMATCH,"OUTPUT_BYTES_DIFFER",no,""
248,"COBOL","NC141A","NC141A.cob",26d7b89faa7a40d2a809d146835ae75a7a6618f5c4f0fb8a569e3fbb9ec9545c,"pass","pass",0,"reject-unsupported","not-run",2,"not_comparable","not_comparable","not_comparable","not_comparable","not_comparable",RUST_REJECT_UNSUPPORTED,"COBRUN_UNSUPPORTED_SET_TABLE2_REC_INDEX2_NOT_INTEGER",no,"cobrun: unsupported: SET ... BY TABLE2-REC(INDEX2): not an integer"
249,"COBOL","NC170A","NC170A.cob",314bbed836cad8fab1726e1431486f18ebfed9896ba703654986182804d8bca5,"pass","pass",0,"accepted","pass",0,"mismatch","mismatch","match","match","mismatch",OUTPUT_MISMATCH,"OUTPUT_BYTES_DIFFER",no,""
250,"COBOL","NC171A","NC171A.cob",828c4f92986c837e803d0786d2441e676a9ff5528960c25c56588ddf2131f80b,"pass","pass",0,"accepted","pass",0,"mismatch","mismatch","match","match","mismatch",OUTPUT_MISMATCH,"OUTPUT_BYTES_DIFFER",no,""
251,"COBOL","NC172A","NC172A.cob",3ff29ac24c2d90912f768672d77a490dae92be2d9b49acd62d8a648601b6cd75,"pass","pass",0,"accepted","pass",0,"mismatch","mismatch","match","match","mismatch",OUTPUT_MISMATCH,"OUTPUT_BYTES_DIFFER",no,""
252,"COBOL","NC173A","NC173A.cob",1e52e658e098e7fa35bd5d397e3e2b24ff71317deaadc425e157342012d365f7,"pass","pass",0,"accepted","pass",0,"mismatch","mismatch","match","match","mismatch",OUTPUT_MISMATCH,"OUTPUT_BYTES_DIFFER",no,""
253,"COBOL","NC174A","NC174A.cob",adb35ccfe2a85e7acd8e8b90d3e935b34d53267a19a83c1ef2e5d8d63d4ffb53,"pass","pass",0,"reject-unsupported","not-run",2,"not_comparable","not_comparable","not_comparable","not_comparable","not_comparable",RUST_REJECT_UNSUPPORTED,"COBRUN_UNSUPPORTED_PIC_ABABX0A_UNSUPPORTEDSYMBOL",no,"cobrun: unsupported: PIC ABABX0A: UnsupportedSymbol('A')"
254,"COBOL","NC175A","NC175A.cob",2c550f445945ecd7fc1beeea696786e7679ada3a6d857ca5df126a2f091c247c,"pass","pass",0,"reject-unsupported","not-run",2,"not_comparable","not_comparable","not_comparable","not_comparable","not_comparable",RUST_REJECT_UNSUPPORTED,"COBRUN_UNSUPPORTED_NOT_NUMERIC_LITERAL_ZERO",no,"cobrun: unsupported: not a numeric literal: ZERO"
255,"COBOL","NC176A","NC176A.cob",444507c1e1005c0b6b158687569b327f94d0e37784ceda34d7c28d7d0e8e07e3,"pass","pass",0,"reject-unsupported","not-run",2,"not_comparable","not_comparable","not_comparable","not_comparable","not_comparable",RUST_REJECT_UNSUPPORTED,"COBRUN_UNSUPPORTED_NOT_NUMERIC_LITERAL_WRK_2V1",no,"cobrun: unsupported: not a numeric literal: WRK-DU-2V1-1,"
256,"COBOL","NC177A","NC177A.cob",f63daa5f7f3cb651bc2aefda894e68aaaf53d8698c10fd1338bb8de5381c4079,"pass","pass",0,"reject-unsupported","not-run",2,"not_comparable","not_comparable","not_comparable","not_comparable","not_comparable",RUST_REJECT_UNSUPPORTED,"COBRUN_UNSUPPORTED_NOT_NUMERIC_LITERAL_ZERO",no,"cobrun: unsupported: not a numeric literal: ZERO"
257,"COBOL","NC201A","NC201A.cob",b501d5920b27f4c2750d99c945c0625ef4eab0a168c5446cf71ddd2c3371a278,"pass","pass",0,"reject-unsupported","not-run",2,"not_comparable","not_comparable","not_comparable","not_comparable","not_comparable",RUST_REJECT_UNSUPPORTED,"COBRUN_UNSUPPORTED_NOT_NUMERIC_LITERAL_ALL",no,"cobrun: unsupported: not a numeric literal: ALL"
258,"COBOL","NC202A","NC202A.cob",63a654ee80489e31af122ef0e5c4e02f05a1cb7f20e79f3b19234daaf8175b96,"pass","pass",0,"reject-parse","not-run",2,"not_comparable","not_comparable","not_comparable","not_comparable","not_comparable",RUST_REJECT_PARSE,"COBRUN_UNDEFINED_DATA_NAME_GRP_FOR_ADD_CORR",no,"cobrun: undefined data name: GRP-FOR-ADD-CORR-R,"
259,"COBOL","NC203A","NC203A.cob",c45bd433873af629a1fa279e7a21ec5ab28b722571010249e70c75e01072c83c,"pass","pass",0,"reject-unsupported","not-run",2,"not_comparable","not_comparable","not_comparable","not_comparable","not_comparable",RUST_REJECT_UNSUPPORTED,"COBRUN_UNSUPPORTED_DIVIDE_REMAINDER_RECEIVER_0009_MUST_NUMERIC",no,"cobrun: unsupported: DIVIDE ... REMAINDER: receiver `NE-0009` must be a numeric (non-edited) item"
260,"COBOL","NC204M","NC204M.cob",8ac722d2f253afb3829b774440cbd7cc7b003a98236f9baee9859b93804e2b27,"pass","pass",0,"reject-parse","not-run",2,"not_comparable","not_comparable","not_comparable","not_comparable","not_comparable",RUST_REJECT_PARSE,"COBRUN_UNDEFINED_DATA_NAME_9876543210",no,"cobrun: undefined data name: 9876543210"
261,"DATA*","NC204M","data/NC204M.dat",6e07133476033aaa8e83def7611ce4020cb56d4f4627edb16c7b7840e901a980,"","",,"","",,"not_comparable","not_comparable","not_comparable","not_comparable","not_comparable",NON_EXECUTABLE_DATA,"DATA_UNIT",no,""
262,"COBOL","NC205A","NC205A.cob",c44e28b4f2ac9e5f7ca9647cb0ed2b1c4b9917f057db5545ee2b42a99c776ae0,"pass","pass",0,"reject-unsupported","not-run",2,"not_comparable","not_comparable","not_comparable","not_comparable","not_comparable",RUST_REJECT_UNSUPPORTED,"COBRUN_UNSUPPORTED_PIC_BADREPEAT",no,"cobrun: unsupported: PIC S9(: BadRepeat"
263,"COBOL","NC206A","NC206A.cob",b8cde6031228455bde09a5c5f9762cfa639172c331c89efae134a7f8eb131cee,"pass","pass",0,"reject-unsupported","not-run",2,"not_comparable","not_comparable","not_comparable","not_comparable","not_comparable",RUST_REJECT_UNSUPPORTED,"COBRUN_UNSUPPORTED_SUBSCRIPT_SUB_NOT_INTEGER",no,"cobrun: unsupported: subscript 'CX-SUB OF CX' is not an integer"
264,"COBOL","NC207A","NC207A.cob",d1a9cf70b37509533fd7bca2a9f34a0bda5622f779648f2ba6d92c0a26612c2e,"pass","pass",0,"accepted","pass",0,"mismatch","mismatch","match","match","mismatch",OUTPUT_MISMATCH,"OUTPUT_BYTES_DIFFER",no,""
265,"COBOL","NC208A","NC208A.cob",b938c775b2ba7ab728148930b9791372c9698fae9848677a2f42783472dc4fc1,"pass","pass",0,"reject-unsupported","not-run",2,"not_comparable","not_comparable","not_comparable","not_comparable","not_comparable",RUST_REJECT_UNSUPPORTED,"COBRUN_UNSUPPORTED_NOT_NUMERIC_LITERAL_ALL",no,"cobrun: unsupported: not a numeric literal: ALL"
266,"COBOL","NC209A","NC209A.cob",1e4b8672cb0df6d7186f88582df798783c10787585a325210aeab437dbe14e04,"pass","pass",0,"reject-unsupported","not-run",2,"not_comparable","not_comparable","not_comparable","not_comparable","not_comparable",RUST_REJECT_UNSUPPORTED,"COBRUN_UNSUPPORTED_UNSUPPORTED_LEVEL_NUMBER",no,"cobrun: unsupported: unsupported level number OF"
267,"COBOL","NC210A","NC210A.cob",63885e5c40e4136a3b6191622bdfac104ea4992defcf45febb56ec3486cda9df,"pass","pass",0,"accepted","pass",0,"mismatch","mismatch","match","match","mismatch",OUTPUT_MISMATCH,"OUTPUT_BYTES_DIFFER",no,""
268,"COBOL","NC211A","NC211A.cob",72b1a828b61e16f26b07ebc2675028af17a7c00e154fd99526bc38d86f8e8304,"error","not-applicable",,"reject-unsupported","not-run",2,"","","","","",ORACLE_COMPILE_ERROR,"COBC_CRASHED",no,""
269,"COBOL","NC214M","NC214M.cob",26cc8a0a099a03519d7f60acdb2c373fd083d588cc70527dd899857b78b248d7,"pass","pass",0,"accepted","pass",0,"mismatch","mismatch","match","match","match",OUTPUT_MISMATCH,"OUTPUT_BYTES_DIFFER",no,""
270,"COBOL","NC215A","NC215A.cob",26ed73039db1c3c99964e3486feeb6a5ecfe14e0ee4f668f260b7623cb6b878e,"pass","pass",0,"reject-unsupported","not-run",2,"not_comparable","not_comparable","not_comparable","not_comparable","not_comparable",RUST_REJECT_UNSUPPORTED,"COBRUN_UNSUPPORTED_OPEN_PRINT_FILE_NOT_DECLARED_FILE",no,"cobrun: unsupported: OPEN: `PRINT-FILE` is not a declared file"
271,"COBOL","NC216A","NC216A.cob",dd8516d0fb7ca9d2ead41698b6fe95082a9e3f01eb59d183d09e84fdb95bd576,"pass","pass",0,"reject-unsupported","not-run",2,"not_comparable","not_comparable","not_comparable","not_comparable","not_comparable",RUST_REJECT_UNSUPPORTED,"COBRUN_UNSUPPORTED_INSPECT_REGION_CLAUSE_NEAR_WORD_WRK",no,"cobrun: unsupported: INSPECT region clause near Word(""WRK-DU-999-2"")"
272,"COBOL","NC217A","NC217A.cob",102e1d2fe9d768a2ce4705fb75a44c50edbf1fadd9f96e2a7b4043a9a22a672b,"pass","pass",0,"accepted","pass",0,"mismatch","mismatch","match","match","mismatch",OUTPUT_MISMATCH,"OUTPUT_BYTES_DIFFER",no,""
273,"COBOL","NC218A","NC218A.cob",3dd0d6ce44c33bd6e06f791d5edfdcce549f433761aac9d9c420ab503cb3c383,"pass","pass",0,"reject-parse","not-run",2,"not_comparable","not_comparable","not_comparable","not_comparable","not_comparable",RUST_REJECT_PARSE,"COBRUN_UNDEFINED_DATA_NAME_OVERFLOW",no,"cobrun: undefined data name: OVERFLOW"
274,"COBOL","NC219A","NC219A.cob",f6db7aecd9e16e21880a734573b12c87db62955ef936a63a410958eeedde931b,"pass","pass",0,"accepted","pass",0,"mismatch","mismatch","match","match","mismatch",OUTPUT_MISMATCH,"OUTPUT_BYTES_DIFFER",no,""
275,"COBOL","NC220M","NC220M.cob",a427344923ebe3839ec4680520fdb8e98396aa39a6fa9d2dbe3fcaf6c22346dc,"pass","pass",0,"reject-unsupported","not-run",2,"not_comparable","not_comparable","not_comparable","not_comparable","not_comparable",RUST_REJECT_UNSUPPORTED,"COBRUN_UNSUPPORTED_SUBSCRIPT_INDEX1_NOT_INTEGER",no,"cobrun: unsupported: subscript 'INDEX1 + 1' is not an integer"
276,"COBOL","NC221A","NC221A.cob",e5dc2c9e9b6359a30e79600944e79f170fba102543beea0d0179274d9725e959,"pass","pass",0,"reject-unsupported","not-run",2,"not_comparable","not_comparable","not_comparable","not_comparable","not_comparable",RUST_REJECT_UNSUPPORTED,"COBRUN_UNSUPPORTED_SUBSCRIPT_INDEX1_NOT_INTEGER",no,"cobrun: unsupported: subscript 'INDEX1 + 1' is not an integer"
277,"COBOL","NC222A","NC222A.cob",60d1c7447c1fcd494efcc130b8048991e6be17c43421a19e0e2dbc5ced4f565c,"pass","pass",0,"reject-parse","not-run",2,"not_comparable","not_comparable","not_comparable","not_comparable","not_comparable",RUST_REJECT_PARSE,"COBRUN_UNDEFINED_DATA_NAME_RECORD2_INDEX2",no,"cobrun: undefined data name: RECORD2(INDEX2)"
278,"COBOL","NC223A","NC223A.cob",c44cb9cf6338a227d53ed52887e170689ca43fc045bb14fb908dbb8ae17832ce,"pass","pass",0,"reject-unsupported","not-run",2,"not_comparable","not_comparable","not_comparable","not_comparable","not_comparable",RUST_REJECT_UNSUPPORTED,"COBRUN_UNSUPPORTED_PIC_XXBXX_UNSUPPORTEDSYMBOL",no,"cobrun: unsupported: PIC XXBXX/XX: UnsupportedSymbol('X')"
279,"COBOL","NC224A","NC224A.cob",113ca5356232b831d81ae4862d3715ccc857c4fc2e784abad0cc756397538b92,"pass","pass",0,"reject-unsupported","not-run",2,"not_comparable","not_comparable","not_comparable","not_comparable","not_comparable",RUST_REJECT_UNSUPPORTED,"COBRUN_UNSUPPORTED_PIC_XXBXXBXX_UNSUPPORTEDSYMBOL",no,"cobrun: unsupported: PIC XXBXXBXX: UnsupportedSymbol('X')"
280,"COBOL","NC225A","NC225A.cob",245b01fc27809f836ce9587bc3f9c2d85ce98b73b99092950d568241a32265bd,"pass","pass",0,"reject-unsupported","not-run",2,"not_comparable","not_comparable","not_comparable","not_comparable","not_comparable",RUST_REJECT_UNSUPPORTED,"COBRUN_UNSUPPORTED_PIC_XXBXXBXX_UNSUPPORTEDSYMBOL",no,"cobrun: unsupported: PIC XXBXXBXX: UnsupportedSymbol('X')"
281,"COBOL","NC231A","NC231A.cob",f603ac6419c038bcaa51dbb449f244f49bb76fa25be35d8150197b367f2bb2df,"pass","pass",0,"reject-unsupported","not-run",2,"not_comparable","not_comparable","not_comparable","not_comparable","not_comparable",RUST_REJECT_UNSUPPORTED,"COBRUN_UNSUPPORTED_UNSUPPORTED_LEVEL_NUMBER_THE",no,"cobrun: unsupported: unsupported level number THE"
282,"COBOL","NC232A","NC232A.cob",895238217d5f4144eb989b801375b5824584d1b365dd27e3e45fe16661816964,"pass","pass",0,"reject-unsupported","not-run",2,"not_comparable","not_comparable","not_comparable","not_comparable","not_comparable",RUST_REJECT_UNSUPPORTED,"COBRUN_UNSUPPORTED_TRAILING_TOKENS_CONDITION_NEXT",no,"cobrun: unsupported: trailing tokens in condition at NEXT"
283,"COBOL","NC233A","NC233A.cob",4777d764a4f35a9b1b33e54f23e615b8145395655005587b3d22466e50ba29a1,"pass","pass",0,"reject-parse","not-run",2,"not_comparable","not_comparable","not_comparable","not_comparable","not_comparable",RUST_REJECT_PARSE,"COBRUN_UNDEFINED_DATA_NAME_ENTRY",no,"cobrun: undefined data name: ENTRY-1"
284,"COBOL","NC234A","NC234A.cob",270bedadec8fae7548aafcc3f7d834ea7b97a365b02a22f98ac0fab28a739851,"pass","pass",0,"reject-parse","not-run",2,"not_comparable","not_comparable","not_comparable","not_comparable","not_comparable",RUST_REJECT_PARSE,"COBRUN_UNDEFINED_DATA_NAME_IDX",no,"cobrun: undefined data name: IDX-2"
285,"COBOL","NC235A","NC235A.cob",a3b4014a65626c4bac905e47f8ad7581732989ed6e0d1eec620517a49c760c4a,"pass","pass",0,"reject-unsupported","not-run",2,"not_comparable","not_comparable","not_comparable","not_comparable","not_comparable",RUST_REJECT_UNSUPPORTED,"COBRUN_UNSUPPORTED_TRAILING_TOKENS_CONDITION",no,"cobrun: unsupported: trailing tokens in condition at (1)"
286,"COBOL","NC236A","NC236A.cob",4774d9f60abbf207ca3a5ade88a653bf41d9ff3d1e4b683fe95caf11a46a0170,"pass","pass",0,"accepted","pass",0,"mismatch","mismatch","match","match","mismatch",OUTPUT_MISMATCH,"OUTPUT_BYTES_DIFFER",no,""
287,"COBOL","NC237A","NC237A.cob",654236ebf1c64a20eef65eae555cd2e21e0217fa7e03cd91491834b7b372d7ff,"pass","pass",0,"reject-parse","not-run",2,"not_comparable","not_comparable","not_comparable","not_comparable","not_comparable",RUST_REJECT_PARSE,"COBRUN_UNDEFINED_DATA_NAME_IDX",no,"cobrun: undefined data name: IDX-1,"
288,"COBOL","NC238A","NC238A.cob",5ffa5474d37991dbb9c4c737f27bcca38efe8785a4e0bfa43f8e3ac32b7a2ce7,"pass","pass",0,"reject-parse","not-run",2,"not_comparable","not_comparable","not_comparable","not_comparable","not_comparable",RUST_REJECT_PARSE,"COBRUN_UNDEFINED_DATA_NAME_IDX",no,"cobrun: undefined data name: IDX-7"
289,"COBOL","NC239A","NC239A.cob",b3293d4fea0f75538366f3e98a7f3585293875b4079bcd49c6e0659aabd81725,"pass","pass",0,"reject-parse","not-run",2,"not_comparable","not_comparable","not_comparable","not_comparable","not_comparable",RUST_REJECT_PARSE,"COBRUN_UNDEFINED_DATA_NAME_IDX",no,"cobrun: undefined data name: IDX-2"
290,"COBOL","NC240A","NC240A.cob",502b4f4afceb328bf8e9f59b38538ab122e108c31d0eb3797bb5a5456bcb0256,"pass","pass",0,"accepted","pass",0,"match","match","match","match","match",RAW_OUTPUT_MATCH,"RAW_OUTPUT_IDENTICAL",no,""
291,"COBOL","NC241A","NC241A.cob",157bf57a5745cca26f55d45f0bf60715a180e1400bb0700d8b4eb61406d5bd56,"pass","pass",0,"reject-parse","not-run",2,"not_comparable","not_comparable","not_comparable","not_comparable","not_comparable",RUST_REJECT_PARSE,"COBRUN_UNDEFINED_DATA_NAME_IDX",no,"cobrun: undefined data name: IDX-2"
292,"COBOL","NC242A","NC242A.cob",b64000aed106c04c27b9536cf9a50ca1874c7fc3d7348fea8e37d8a8edc76c77,"pass","pass",0,"reject-parse","not-run",2,"not_comparable","not_comparable","not_comparable","not_comparable","not_comparable",RUST_REJECT_PARSE,"COBRUN_UNDEFINED_DATA_NAME_IDX",no,"cobrun: undefined data name: IDX-2"
293,"COBOL","NC243A","NC243A.cob",b52480c5c67f66a65b07ab32cf7352914ef2dc9224dbb73eff22997fe1f85d81,"pass","pass",0,"reject-parse","not-run",2,"not_comparable","not_comparable","not_comparable","not_comparable","not_comparable",RUST_REJECT_PARSE,"COBRUN_UNDEFINED_DATA_NAME_IDX",no,"cobrun: undefined data name: IDX-2"
294,"COBOL","NC244A","NC244A.cob",1ea453fc8095599df622d1de5f558d9340618fc90a85415e9e5405c734a60b29,"pass","pass",0,"reject-parse","not-run",2,"not_comparable","not_comparable","not_comparable","not_comparable","not_comparable",RUST_REJECT_PARSE,"COBRUN_UNDEFINED_DATA_NAME_IDX",no,"cobrun: undefined data name: IDX-6"
295,"COBOL","NC245A","NC245A.cob",64cb17cf58194566ad38d55bd8c79638215875907b029519f7d1e17fda45f305,"pass","pass",0,"reject-unsupported","not-run",2,"not_comparable","not_comparable","not_comparable","not_comparable","not_comparable",RUST_REJECT_UNSUPPORTED,"COBRUN_UNSUPPORTED_NOT_NUMERIC_LITERAL_S22",no,"cobrun: unsupported: not a numeric literal: S22,"
296,"COBOL","NC246A","NC246A.cob",c9f1d13fdbfb01d15d1987789aa5199b0dca9316861460be07b1cf348d4863a9,"pass","pass",0,"reject-unsupported","not-run",2,"not_comparable","not_comparable","not_comparable","not_comparable","not_comparable",RUST_REJECT_UNSUPPORTED,"COBRUN_UNSUPPORTED_MULTI_DIMENSION_LEAF_NEEDS_SUBSCRIPT_GOT",no,"cobrun: unsupported: multi-dimension leaf needs 3 subscript(s), got 1"
297,"COBOL","NC247A","NC247A.cob",5d36f47cf266518891d7f3aeb29c51f3af25b0ed40fdd4fd3c32ef432c91f2b4,"pass","pass",0,"reject-unsupported","not-run",2,"not_comparable","not_comparable","not_comparable","not_comparable","not_comparable",RUST_REJECT_UNSUPPORTED,"COBRUN_UNSUPPORTED_TRAILING_TOKENS_CONDITION",no,"cobrun: unsupported: trailing tokens in condition at 7"
298,"COBOL","NC248A","NC248A.cob",a8d5ba98d6317da8ef63d5f43b2c55c57f8f33e283bd88d663e0c4b919e98174,"pass","pass",0,"reject-unsupported","not-run",2,"not_comparable","not_comparable","not_comparable","not_comparable","not_comparable",RUST_REJECT_UNSUPPORTED,"COBRUN_UNSUPPORTED_SET_TABLE2_REC_INDEX2_NOT_INTEGER",no,"cobrun: unsupported: SET ... BY TABLE2-REC(INDEX2): not an integer"
299,"COBOL","NC250A","NC250A.cob",a57b4932c49966ce51514aa59e3a8ba17ba71f663073a38a36eeed22f38911db,"pass","pass",0,"reject-unsupported","not-run",2,"not_comparable","not_comparable","not_comparable","not_comparable","not_comparable",RUST_REJECT_UNSUPPORTED,"COBRUN_UNSUPPORTED_NOT_NUMERIC_LITERAL_ALL",no,"cobrun: unsupported: not a numeric literal: ALL"
300,"COBOL","NC251A","NC251A.cob",d31dd9f0ba0e2cb86160e050827dba3b9f4099a38c94bf2c8e11183d3d220cfd,"pass","pass",0,"reject-parse","not-run",2,"not_comparable","not_comparable","not_comparable","not_comparable","not_comparable",RUST_REJECT_PARSE,"COBRUN_UNDEFINED_DATA_NAME_REM_25ANS",no,"cobrun: undefined data name: WS-REM(25ANS)"
301,"COBOL","NC252A","NC252A.cob",2be35d761d5b919e64b5dff9edc31132cac76cd0887b7afb41143c843f15baa8,"pass","pass",0,"reject-unsupported","not-run",2,"not_comparable","not_comparable","not_comparable","not_comparable","not_comparable",RUST_REJECT_UNSUPPORTED,"COBRUN_UNSUPPORTED_UNSUPPORTED_LEVEL_NUMBER",no,"cobrun: unsupported: unsupported level number OF"
302,"COBOL","NC253A","NC253A.cob",f079bb936afaaff1398f53cb38c9902b802e0dc486f16202088f6f254916a1be,"pass","pass",0,"accepted","pass",0,"mismatch","mismatch","match","match","mismatch",OUTPUT_MISMATCH,"OUTPUT_BYTES_DIFFER",no,""
303,"COBOL","NC254A","NC254A.cob",54e2db284c3a543b999d2f1a4e2c8ca2f536afbb1887dd2d5a1fee9da8e9e6f7,"pass","pass",0,"reject-unsupported","not-run",2,"not_comparable","not_comparable","not_comparable","not_comparable","not_comparable",RUST_REJECT_UNSUPPORTED,"COBRUN_UNSUPPORTED_PIC_ABABX0A_UNSUPPORTEDSYMBOL",no,"cobrun: unsupported: PIC ABABX0A: UnsupportedSymbol('A')"
304,"COBOL","NC302M","NC302M.cob",e772b5877e5ec4a6b391c856a134ebce5e37c99b48ae283b2d29aa40f3590e49,"pass","pass",0,"accepted","pass",0,"mismatch","mismatch","match","match","not_comparable",OUTPUT_MISMATCH,"OUTPUT_BYTES_DIFFER",no,""
305,"COBOL","NC303M","NC303M.cob",be0e8934edfa7dc3780846b6f4a1b203be5a9608e508429d39fe963290cca34a,"pass","pass",0,"accepted","pass",0,"match","match","match","match","not_comparable",RAW_OUTPUT_MATCH,"RAW_OUTPUT_IDENTICAL",no,""
306,"COBOL","NC401M","NC401M.cob",3533a83cb807a335034f1d91559e1477a232e35c4c669e354de0efddd6738b79,"pass","fail",1,"reject-unsupported","not-run",2,"","","","","",ORACLE_RUN_FAIL,"ORACLE_RUN_NONZERO_EXIT",no,"libcob: error: file does not exist (status = 35) for file TFIL ('XXXXX001')"
307,"COBOL","OBIC1A","OBIC1A.cob",45fd1c699eeb80d9c08701f56f4a1911d006a0284de776d89e6562d89081ee9e,"pass","pass",0,"reject-unsupported","not-run",2,"not_comparable","not_comparable","not_comparable","not_comparable","not_comparable",RUST_REJECT_UNSUPPORTED,"COBRUN_UNSUPPORTED_VERB_SECT_IC219_0001",no,"cobrun: unsupported: verb SECT-IC219-0001"
308,"COBOL","OBIC2A","OBIC2A.cob",13b947cf2be9b98002ccdc59fc499f82f8ad05feb5940c325a6d05a061f964d7,"bound-to-main","not-applicable",,"bound-to-main","not-applicable",,"not_comparable","not_comparable","not_comparable","not_comparable","not_comparable",NON_EXECUTABLE_LIBRARY,"SUBPROGRAM_BOUND_TO_MAIN",no,""
309,"COBOL","OBIC3A","OBIC3A.cob",f02ee89db4777d019b27c92896b19dc98b078e4b2444c2804539e53c3ce1976c,"bound-to-main","not-applicable",,"bound-to-main","not-applicable",,"not_comparable","not_comparable","not_comparable","not_comparable","not_comparable",NON_EXECUTABLE_LIBRARY,"SUBPROGRAM_BOUND_TO_MAIN",no,""
310,"COBOL","OBNC1M","OBNC1M.cob",8eb7f7d022ad8f6410dd33d7f5c602094a0d0b9c204a65d16e3f6511fec951bf,"pass","pass",0,"accepted","pass",0,"mismatch","mismatch","match","match","not_comparable",OUTPUT_MISMATCH,"OUTPUT_BYTES_DIFFER",no,""
311,"COBOL","OBNC2M","OBNC2M.cob",d922bb30646aa0f56388e9fb53cdea213fa21cd8535ee28a4d5124549e2f1ccf,"pass","pass",0,"reject-unsupported","not-run",2,"not_comparable","not_comparable","not_comparable","not_comparable","not_comparable",RUST_REJECT_UNSUPPORTED,"COBRUN_UNSUPPORTED_NOT_NUMERIC_LITERAL_ALL",no,"cobrun: unsupported: not a numeric literal: ALL"
312,"COBOL","OBSQ1A","OBSQ1A.cob",6e84b5f2901ff95e4fd3c853378945466ad1bffa6a30e677c309cebbd62aeb7c,"pass","fail",1,"reject-unsupported","not-run",2,"","","","","",ORACLE_RUN_FAIL,"ORACLE_RUN_NONZERO_EXIT",no,"libcob: error: file does not exist (status = 35) for file RAW-DATA ('000750')"
313,"COBOL","OBSQ3A","OBSQ3A.cob",89b45465e2d7306279bd1d2cdf0b289429fbae313bc4a95b715b910c3d3b7988,"pass","fail",1,"reject-unsupported","not-run",2,"","","","","",ORACLE_RUN_FAIL,"ORACLE_RUN_NONZERO_EXIT",no,"libcob: error: file does not exist (status = 35) for file RAW-DATA ('000750')"
314,"COBOL","OBSQ4A","OBSQ4A.cob",a3d8710d90ea4f9e383b570ef78c5e4b8bb6f1690df33ca38f4f8515bcf6af1a,"bound-to-main","not-applicable",,"bound-to-main","not-applicable",,"not_comparable","not_comparable","not_comparable","not_comparable","not_comparable",NON_EXECUTABLE_LIBRARY,"SUBPROGRAM_BOUND_TO_MAIN",no,""
315,"COBOL","OBSQ5A","OBSQ5A.cob",a6af07189acccb9bab178abf26ff58a4fdd127a15c0bdf9ea87c0b15f0fa3908,"bound-to-main","not-applicable",,"bound-to-main","not-applicable",,"not_comparable","not_comparable","not_comparable","not_comparable","not_comparable",NON_EXECUTABLE_LIBRARY,"SUBPROGRAM_BOUND_TO_MAIN",no,""
316,"COBOL","RL101A","RL101A.cob",58da7b805914b8994ce4a02818afa9a8e0d62314fb05a1667926af19be88b320,"pass","pass",0,"reject-unsupported","not-run",2,"not_comparable","not_comparable","not_comparable","not_comparable","not_comparable",RUST_REJECT_UNSUPPORTED,"COBRUN_UNSUPPORTED_NOT_NUMERIC_LITERAL_FILE_RECORD_INFO",no,"cobrun: unsupported: not a numeric literal: FILE-RECORD-INFO-P1-120(1)"
317,"COBOL","RL102A","RL102A.cob",16d869c306369467660a2c8dd03b68759a38e5c2ac90376d7ad6fe6932fa8162,"bound-to-main","not-applicable",,"bound-to-main","not-applicable",,"not_comparable","not_comparable","not_comparable","not_comparable","not_comparable",NON_EXECUTABLE_LIBRARY,"SUBPROGRAM_BOUND_TO_MAIN",no,""
318,"COBOL","RL103A","RL103A.cob",35c8290ecf2bb4b7814594383cc7b274d58b3656529f5b06bd93a0384f9c18c5,"bound-to-main","not-applicable",,"bound-to-main","not-applicable",,"not_comparable","not_comparable","not_comparable","not_comparable","not_comparable",NON_EXECUTABLE_LIBRARY,"SUBPROGRAM_BOUND_TO_MAIN",no,""
319,"COBOL","RL104A","RL104A.cob",c3f42912fd84d622254cb31849cb109311dac2fa4db5867a4c0a1d648caf519e,"pass","pass",0,"reject-unsupported","not-run",2,"not_comparable","not_comparable","not_comparable","not_comparable","not_comparable",RUST_REJECT_UNSUPPORTED,"COBRUN_UNSUPPORTED_NOT_NUMERIC_LITERAL_FILE_RECORD_INFO",no,"cobrun: unsupported: not a numeric literal: FILE-RECORD-INFO-P1-120(2)"
320,"COBOL","RL105A","RL105A.cob",5bebee30cf2bdfb1ea50fbd0909e809309663fd1d01e887232004df3e6074869,"pass","pass",0,"accepted","pass",0,"mismatch","mismatch","match","match","mismatch",OUTPUT_MISMATCH,"OUTPUT_BYTES_DIFFER",no,""
321,"COBOL","RL106A","RL106A.cob",b095f6cbecd5e92ffee56c9eb312b13ca7a7c6e6340b57686b1b9913021906eb,"pass","pass",0,"accepted","pass",0,"mismatch","mismatch","match","match","mismatch",OUTPUT_MISMATCH,"OUTPUT_BYTES_DIFFER",no,""
322,"COBOL","RL107A","RL107A.cob",82c4d427d164cd40840e43f2493b0f5432200e7d5d57a01702d8f1f0721c72ba,"pass","pass",0,"accepted","pass",0,"mismatch","mismatch","match","match","mismatch",OUTPUT_MISMATCH,"OUTPUT_BYTES_DIFFER",no,""
323,"COBOL","RL108A","RL108A.cob",ba905caa3197fc9ef09efc3a737eb150325778c1ff569565f3beeafab7420786,"pass","pass",0,"reject-unsupported","not-run",2,"not_comparable","not_comparable","not_comparable","not_comparable","not_comparable",RUST_REJECT_UNSUPPORTED,"COBRUN_UNSUPPORTED_NOT_NUMERIC_LITERAL_FILE_RECORD_INFO",no,"cobrun: unsupported: not a numeric literal: FILE-RECORD-INFO-P1-120(1)"
324,"COBOL","RL109A","RL109A.cob",8fec24ac4dea7ac9cec8af901d80fc9ae76c49c48c9a101cc265d6f692338092,"bound-to-main","not-applicable",,"bound-to-main","not-applicable",,"not_comparable","not_comparable","not_comparable","not_comparable","not_comparable",NON_EXECUTABLE_LIBRARY,"SUBPROGRAM_BOUND_TO_MAIN",no,""
325,"COBOL","RL110A","RL110A.cob",a5c355658b8d818721fb6452f3febf5aabce0753661006a29e55329be53b95a4,"bound-to-main","not-applicable",,"bound-to-main","not-applicable",,"not_comparable","not_comparable","not_comparable","not_comparable","not_comparable",NON_EXECUTABLE_LIBRARY,"SUBPROGRAM_BOUND_TO_MAIN",no,""
326,"COBOL","RL111A","RL111A.cob",6619d2908e4a25f74c484351ec7bef7b31bd372bbdea33ee270434611b785829,"pass","pass",0,"reject-unsupported","not-run",2,"not_comparable","not_comparable","not_comparable","not_comparable","not_comparable",RUST_REJECT_UNSUPPORTED,"COBRUN_UNSUPPORTED_NOT_NUMERIC_LITERAL_FILE_RECORD_INFO",no,"cobrun: unsupported: not a numeric literal: FILE-RECORD-INFO-P1-120(2)"
327,"COBOL","RL112A","RL112A.cob",db04991fb07b8a09c0aeb142e8b551c662feb9a8ccdd09591a53b14cee7a0d7e,"pass","pass",0,"reject-unsupported","not-run",2,"not_comparable","not_comparable","not_comparable","not_comparable","not_comparable",RUST_REJECT_UNSUPPORTED,"COBRUN_UNSUPPORTED_NOT_NUMERIC_LITERAL_FILE_RECORD_INFO",no,"cobrun: unsupported: not a numeric literal: FILE-RECORD-INFO-P1-120(2)"
328,"COBOL","RL113A","RL113A.cob",72a4e5175130c57ebd78bcef9acfc23df188536700b9f41bbcff8da8d5b88d13,"pass","pass",0,"reject-unsupported","not-run",2,"not_comparable","not_comparable","not_comparable","not_comparable","not_comparable",RUST_REJECT_UNSUPPORTED,"COBRUN_UNSUPPORTED_NOT_NUMERIC_LITERAL_FILE_RECORD_INFO",no,"cobrun: unsupported: not a numeric literal: FILE-RECORD-INFO-P1-120(2)"
329,"COBOL","RL114A","RL114A.cob",eb3921ed094d8d130c47920a4a67317548efe0f3f2dd1fbb1cbb62f3f084848a,"pass","pass",0,"reject-unsupported","not-run",2,"not_comparable","not_comparable","not_comparable","not_comparable","not_comparable",RUST_REJECT_UNSUPPORTED,"COBRUN_UNSUPPORTED_NOT_NUMERIC_LITERAL_FILE_RECORD_INFO",no,"cobrun: unsupported: not a numeric literal: FILE-RECORD-INFO-P1-120(2)"
330,"COBOL","RL115A","RL115A.cob",d7bbefb27387dfee6f55ef168ef6e766949c467b383a1bcefe765e5dd8507e0c,"pass","pass",0,"reject-unsupported","not-run",2,"not_comparable","not_comparable","not_comparable","not_comparable","not_comparable",RUST_REJECT_UNSUPPORTED,"COBRUN_UNSUPPORTED_NOT_NUMERIC_LITERAL_FILE_RECORD_INFO",no,"cobrun: unsupported: not a numeric literal: FILE-RECORD-INFO-P1-120(2)"
331,"COBOL","RL116A","RL116A.cob",83204c5f63d15d5f2612aa3248ced8862e7d11de3a203c92caddf60a18fe254f,"pass","pass",0,"reject-unsupported","not-run",2,"not_comparable","not_comparable","not_comparable","not_comparable","not_comparable",RUST_REJECT_UNSUPPORTED,"COBRUN_UNSUPPORTED_NOT_NUMERIC_LITERAL_FILE_RECORD_INFO",no,"cobrun: unsupported: not a numeric literal: FILE-RECORD-INFO-P1-120(2)"
332,"COBOL","RL117A","RL117A.cob",cba9b3973368371c93ef4b7809c9617b3a6de830f66c32870446c114dfb34847,"pass","pass",0,"reject-unsupported","not-run",2,"not_comparable","not_comparable","not_comparable","not_comparable","not_comparable",RUST_REJECT_UNSUPPORTED,"COBRUN_UNSUPPORTED_NOT_NUMERIC_LITERAL_FILE_RECORD_INFO",no,"cobrun: unsupported: not a numeric literal: FILE-RECORD-INFO-P1-120(2)"
333,"COBOL","RL118A","RL118A.cob",78cf57b9c2e9535fc5936a5d70d0f8dc8117751efb96160f07b1e237e9968e2e,"pass","pass",0,"reject-parse","not-run",2,"not_comparable","not_comparable","not_comparable","not_comparable","not_comparable",RUST_REJECT_PARSE,"COBRUN_UNDEFINED_DATA_NAME_XRECORD_NUMBER",no,"cobrun: undefined data name: XRECORD-NUMBER(2)"
334,"COBOL","RL119A","RL119A.cob",2fad31a35f2ac10bfeaa63492a8c517dba18d0bf641b7db7004a494f4271e409,"pass","pass",0,"accepted","pass",0,"match","match","match","match","match",RAW_OUTPUT_MATCH,"RAW_OUTPUT_IDENTICAL",no,""
335,"COBOL","RL201A","RL201A.cob",cba1e7a66224702b12a3ef11867115dd9396408f13e14a86bf767fd300bd6236,"pass","pass",0,"reject-unsupported","not-run",2,"not_comparable","not_comparable","not_comparable","not_comparable","not_comparable",RUST_REJECT_UNSUPPORTED,"COBRUN_UNSUPPORTED_NOT_NUMERIC_LITERAL_FILE_RECORD_INFO",no,"cobrun: unsupported: not a numeric literal: FILE-RECORD-INFO-P1-120(1)"
336,"COBOL","RL202A","RL202A.cob",df08e88e2cef8fa5f326bbc0c42eb6d173833c9bd4d528f5fb991e3260505584,"bound-to-main","not-applicable",,"bound-to-main","not-applicable",,"not_comparable","not_comparable","not_comparable","not_comparable","not_comparable",NON_EXECUTABLE_LIBRARY,"SUBPROGRAM_BOUND_TO_MAIN",no,""
337,"COBOL","RL203A","RL203A.cob",492110ed77f1324416ff75d357cc8a35467eb886e1f56ddedfe7facfb386ff40,"bound-to-main","not-applicable",,"bound-to-main","not-applicable",,"not_comparable","not_comparable","not_comparable","not_comparable","not_comparable",NON_EXECUTABLE_LIBRARY,"SUBPROGRAM_BOUND_TO_MAIN",no,""
338,"COBOL","RL204A","RL204A.cob",8d49b6493e269ec368bcdfeb563ed3b997b0053ef83fae6daea8968471039736,"pass","pass",0,"reject-unsupported","not-run",2,"not_comparable","not_comparable","not_comparable","not_comparable","not_comparable",RUST_REJECT_UNSUPPORTED,"COBRUN_UNSUPPORTED_NOT_NUMERIC_LITERAL_FILE_RECORD_INFO",no,"cobrun: unsupported: not a numeric literal: FILE-RECORD-INFO-P1-120(2)"
339,"COBOL","RL205A","RL205A.cob",39abd10ae759173382134e3c1bbaa6fad84fcd841717dd0ececf1bc82a31b082,"pass","pass",0,"reject-parse","not-run",2,"not_comparable","not_comparable","not_comparable","not_comparable","not_comparable",RUST_REJECT_PARSE,"COBRUN_UNDEFINED_DATA_NAME_XRECORD_NUMBER",no,"cobrun: undefined data name: XRECORD-NUMBER(1)"
340,"COBOL","RL206A","RL206A.cob",7d8cbf1ef7dfc89ae19f38283125aa315e205707280ef7d86293efd924c038f0,"pass","pass",0,"reject-unsupported","not-run",2,"not_comparable","not_comparable","not_comparable","not_comparable","not_comparable",RUST_REJECT_UNSUPPORTED,"COBRUN_UNSUPPORTED_NOT_NUMERIC_LITERAL_FILE_RECORD_INFO",no,"cobrun: unsupported: not a numeric literal: FILE-RECORD-INFO-P1-120(1)"
341,"COBOL","RL207A","RL207A.cob",7771c156ad830db739e0c4f3d59ea46a5e8611f9450bb7e14b11ca088d0f34e8,"bound-to-main","not-applicable",,"bound-to-main","not-applicable",,"not_comparable","not_comparable","not_comparable","not_comparable","not_comparable",NON_EXECUTABLE_LIBRARY,"SUBPROGRAM_BOUND_TO_MAIN",no,""
342,"COBOL","RL208A","RL208A.cob",d9c69d81cb6294be7efb788852ca27eaad3a98431bfc9627ff67c9f2ec73d24f,"bound-to-main","not-applicable",,"bound-to-main","not-applicable",,"not_comparable","not_comparable","not_comparable","not_comparable","not_comparable",NON_EXECUTABLE_LIBRARY,"SUBPROGRAM_BOUND_TO_MAIN",no,""
343,"COBOL","RL209A","RL209A.cob",2d92eab72ee408265d8d456704384a14d62ba3dce72b80ce4eb6e2bead22cf9b,"pass","pass",0,"reject-unsupported","not-run",2,"not_comparable","not_comparable","not_comparable","not_comparable","not_comparable",RUST_REJECT_UNSUPPORTED,"COBRUN_UNSUPPORTED_NOT_NUMERIC_LITERAL_FILE_RECORD_INFO",no,"cobrun: unsupported: not a numeric literal: FILE-RECORD-INFO-P1-120(1)"
344,"COBOL","RL210A","RL210A.cob",29ac8fc97b20d8ecc0f59bf45310285344eca47ac36515518124820c300e9280,"pass","pass",0,"reject-unsupported","not-run",2,"not_comparable","not_comparable","not_comparable","not_comparable","not_comparable",RUST_REJECT_UNSUPPORTED,"COBRUN_UNSUPPORTED_NOT_NUMERIC_LITERAL_FILE_RECORD_INFO",no,"cobrun: unsupported: not a numeric literal: FILE-RECORD-INFO-P1-120(1)"
345,"COBOL","RL211A","RL211A.cob",e6bc24aab262dc0e47fcd7f42cf7857527c571cd42304e1a4ea4f7167009446a,"pass","fail",1,"reject-unsupported","not-run",2,"","","","","",ORACLE_RUN_FAIL,"ORACLE_RUN_NONZERO_EXIT",no,"libcob: error: file does not exist (status = 35) for file RL-VS1 ('FILE=RL-VS1,RECORD=R1-F-G' => FILE=RL-VS1,RECORD=R1-F-G/0,RECNO=000500,UPDT=00,ODO=0000,PGM=RL211,LRECL=000120,BLKSIZRC=0001,LFIL=000500,ORG=RL,LB021ABCDEFGHIJKLMNOPQRSTU)"
346,"COBOL","RL212A","RL212A.cob",238c047d332c21c33d1a9608562f5e442378575e2975653be92cee2a6707a889,"pass","pass",0,"reject-unsupported","not-run",2,"not_comparable","not_comparable","not_comparable","not_comparable","not_comparable",RUST_REJECT_UNSUPPORTED,"COBRUN_UNSUPPORTED_NOT_NUMERIC_LITERAL_FILE_RECORD_INFO",no,"cobrun: unsupported: not a numeric literal: FILE-RECORD-INFO-P1-120(1)"
347,"COBOL","RL213A","RL213A.cob",d38fc0513ca016a5eb3f0cbff52bd0c2e07db5fe840531c7730b393692ef8351,"bound-to-main","not-applicable",,"bound-to-main","not-applicable",,"not_comparable","not_comparable","not_comparable","not_comparable","not_comparable",NON_EXECUTABLE_LIBRARY,"SUBPROGRAM_BOUND_TO_MAIN",no,""
348,"COBOL","RL301M","RL301M.cob",0332d5a6c14d377056d11f682395a72c82aa62a8d1f5467c0850db1635471082,"pass","fail",1,"reject-runtime-boundary","not-run",2,"","","","","",ORACLE_RUN_FAIL,"ORACLE_RUN_NONZERO_EXIT",no,"libcob: error: file does not exist (status = 35) for file TFIL ('XXXXX021')"
349,"COBOL","RL302M","RL302M.cob",c396be343e77993d34846cea8d06b53d8fb41906385b6823ac19ca63ff8160dd,"pass","pass",0,"accepted","pass",0,"match","match","match","match","not_comparable",RAW_OUTPUT_MATCH,"RAW_OUTPUT_IDENTICAL",no,""
350,"COBOL","RL401M","RL401M.cob",cda51176ef203ad0df587c98bf948e35b9434718b4f6e085bd485a0613ce860b,"pass","fail",1,"reject-unsupported","not-run",2,"","","","","",ORACLE_RUN_FAIL,"ORACLE_RUN_NONZERO_EXIT",no,"libcob: error: unknown file error (status = 38) for file TFIL ('XXXXX021')"
351,"COBOL","RW101A","RW101A.cob",3031f5ecf2c5f3d90e652634a1b072b835716fe2a374d9e76b2676d296c5b408,"pass","pass",0,"reject-unsupported","not-run",2,"not_comparable","not_comparable","not_comparable","not_comparable","not_comparable",RUST_REJECT_UNSUPPORTED,"COBRUN_UNSUPPORTED_NOT_NUMERIC_LITERAL_LINE_COUNTER",no,"cobrun: unsupported: not a numeric literal: LINE-COUNTER"
352,"COBOL","RW102A","RW102A.cob",f3b77db1e0a6b70c5a17e5ec13fcecd135dcfc47d137ac7c6e12a6b03295ce92,"pass","pass",0,"reject-unsupported","not-run",2,"not_comparable","not_comparable","not_comparable","not_comparable","not_comparable",RUST_REJECT_UNSUPPORTED,"COBRUN_UNSUPPORTED_NOT_NUMERIC_LITERAL_LINE_COUNTER",no,"cobrun: unsupported: not a numeric literal: LINE-COUNTER"
353,"COBOL","RW103A","RW103A.cob",6fa2bcac1fccbe00aa96605f99e0ff8228721d7f23026967954b9df69fe9f03f,"pass","pass",0,"reject-unsupported","not-run",2,"not_comparable","not_comparable","not_comparable","not_comparable","not_comparable",RUST_REJECT_UNSUPPORTED,"COBRUN_UNSUPPORTED_NOT_NUMERIC_LITERAL_LINE_COUNTER",no,"cobrun: unsupported: not a numeric literal: LINE-COUNTER"
354,"COBOL","RW104A","RW104A.cob",222eaa0253c61da554acb584bbee820f47cc0872b903a7f8878014179586c9d7,"pass","pass",0,"reject-unsupported","not-run",2,"not_comparable","not_comparable","not_comparable","not_comparable","not_comparable",RUST_REJECT_UNSUPPORTED,"COBRUN_UNSUPPORTED_NOT_NUMERIC_LITERAL_LINE_COUNTER",no,"cobrun: unsupported: not a numeric literal: LINE-COUNTER"
355,"COBOL","RW301M","RW301M.cob",77c81c7ed6b9d76cf5d7a289aee9f7339752070f993376b15e3c8774699f2a68,"pass","fail",1,"reject-unsupported","not-run",2,"","","","","",ORACLE_RUN_FAIL,"ORACLE_RUN_NONZERO_EXIT",no,"libcob: error: file does not exist (status = 35) for file TFIL ('XXXXX001')"
356,"COBOL","RW302M","RW302M.cob",c16e2204671c9db34e03c0b035f1bc7913f94e15178bcde542a4dde5b4f4f21e,"pass","fail",1,"reject-unsupported","not-run",2,"","","","","",ORACLE_RUN_FAIL,"ORACLE_RUN_NONZERO_EXIT",no,"libcob: error: file does not exist (status = 35) for file TFIL ('XXXXX001')"
357,"COBOL","SG101A","SG101A.cob",bf34526ccd2c1f5bb2c89d5045a764609035655553c8fd21b1a4f44b69e77e23,"pass","pass",0,"reject-unsupported","not-run",2,"not_comparable","not_comparable","not_comparable","not_comparable","not_comparable",RUST_REJECT_UNSUPPORTED,"COBRUN_UNSUPPORTED_VERB_SECT_001",no,"cobrun: unsupported: verb SECT-SG-01-001"
358,"COBOL","SG102A","SG102A.cob",1db4fe586cfe4dd3ee7fd7b82fe7bfd70f8f38e482090789d7bc60e4594eaf03,"pass","pass",0,"reject-unsupported","not-run",2,"not_comparable","not_comparable","not_comparable","not_comparable","not_comparable",RUST_REJECT_UNSUPPORTED,"COBRUN_UNSUPPORTED_VERB_SECT_001",no,"cobrun: unsupported: verb SECT-SG-02-001"
359,"COBOL","SG103A","SG103A.cob",1018c09ce3256e6da5bfbd38692316f0217b7099ec1f51e48a93315225ed1831,"pass","pass",0,"reject-unsupported","not-run",2,"not_comparable","not_comparable","not_comparable","not_comparable","not_comparable",RUST_REJECT_UNSUPPORTED,"COBRUN_UNSUPPORTED_VERB_SEC20",no,"cobrun: unsupported: verb SEC20"
360,"COBOL","SG104A","SG104A.cob",908480a57a0aa9a1b53c0404bec5ee61af54788d3987ab5debefcdd1c50a23c0,"pass","pass",0,"reject-unsupported","not-run",2,"not_comparable","not_comparable","not_comparable","not_comparable","not_comparable",RUST_REJECT_UNSUPPORTED,"COBRUN_UNSUPPORTED_VERB_SORT_PARA",no,"cobrun: unsupported: verb SORT-PARA"
361,"COBOL","SG105A","SG105A.cob",5a4f5b9684652e62b96c1299fc1ccbeddce524a67dd08516ad21243328f7aef7,"pass","pass",0,"reject-unsupported","not-run",2,"not_comparable","not_comparable","not_comparable","not_comparable","not_comparable",RUST_REJECT_UNSUPPORTED,"COBRUN_UNSUPPORTED_VERB_SORT_PARA",no,"cobrun: unsupported: verb SORT-PARA"
362,"COBOL","SG106A","SG106A.cob",4800b14ac0d9e891a7d440fc8d760957dde96e6de2b5286c017d535211c343c1,"pass","pass",0,"reject-unsupported","not-run",2,"not_comparable","not_comparable","not_comparable","not_comparable","not_comparable",RUST_REJECT_UNSUPPORTED,"COBRUN_UNSUPPORTED_VERB_SORT_PARA",no,"cobrun: unsupported: verb SORT-PARA"
363,"COBOL","SG201A","SG201A.cob",346b8f80dce3df72e01a86387e068af648780e30691e64377a8d54ede8c81858,"pass","pass",0,"reject-unsupported","not-run",2,"not_comparable","not_comparable","not_comparable","not_comparable","not_comparable",RUST_REJECT_UNSUPPORTED,"COBRUN_UNSUPPORTED_VERB_HOUSEKEEPING",no,"cobrun: unsupported: verb HOUSEKEEPING"
364,"COBOL","SG202A","SG202A.cob",e69d3599a9499c6e47570511ec7cefbfe1655e30bf22c408f51ac1a00ed4a773,"pass","pass",0,"reject-unsupported","not-run",2,"not_comparable","not_comparable","not_comparable","not_comparable","not_comparable",RUST_REJECT_UNSUPPORTED,"COBRUN_UNSUPPORTED_VERB_SEC40",no,"cobrun: unsupported: verb SEC40"
365,"COBOL","SG203A","SG203A.cob",6bab93598026e11f6da72fc88c6585c8f41472265b7ad7a520c2af4eb26b447b,"pass","pass",0,"reject-unsupported","not-run",2,"not_comparable","not_comparable","not_comparable","not_comparable","not_comparable",RUST_REJECT_UNSUPPORTED,"COBRUN_UNSUPPORTED_VERB_SECT_001",no,"cobrun: unsupported: verb SECT-SG-03-001"
366,"COBOL","SG204A","SG204A.cob",10fe981f53f431773ccfdf5f371fa51623a42d451e3c9973baa0b692421c980f,"pass","pass",0,"reject-unsupported","not-run",2,"not_comparable","not_comparable","not_comparable","not_comparable","not_comparable",RUST_REJECT_UNSUPPORTED,"COBRUN_UNSUPPORTED_SORT_MERGE_KEY_NOT_FIELD_THE",no,"cobrun: unsupported: SORT/MERGE KEY `S1-1` is not a field of the sort record"
367,"COBOL","SG302M","SG302M.cob",65a858c33b01afeefb0531875c034aa5f9e34ff94ddab24409d97ae6060bde31,"pass","pass",0,"reject-unsupported","not-run",2,"not_comparable","not_comparable","not_comparable","not_comparable","not_comparable",RUST_REJECT_UNSUPPORTED,"COBRUN_UNSUPPORTED_VERB_BEANO",no,"cobrun: unsupported: verb BEANO"
368,"COBOL","SG303M","SG303M.cob",9527c98f8f5050ab855777b8d8869a31951f4d9e53f5682922d2c47a3910c764,"pass","pass",0,"reject-unsupported","not-run",2,"not_comparable","not_comparable","not_comparable","not_comparable","not_comparable",RUST_REJECT_UNSUPPORTED,"COBRUN_UNSUPPORTED_VERB_NUMBER1",no,"cobrun: unsupported: verb NUMBER1"
369,"COBOL","SG401M","SG401M.cob",a30a3bc3e0ea81792190d96b36a37b720b6cd06848fe6251509795140bae5256,"pass","pass",0,"reject-unsupported","not-run",2,"not_comparable","not_comparable","not_comparable","not_comparable","not_comparable",RUST_REJECT_UNSUPPORTED,"COBRUN_UNSUPPORTED_VERB_NUMBER1",no,"cobrun: unsupported: verb NUMBER1"
370,"COBOL","SM101A","SM101A.cob",3e3c628b7f343b2bc7496086af3b9baad1896834e2d52f22b6a66f05d105718c,"pass","pass",0,"reject-unsupported","not-run",2,"not_comparable","not_comparable","not_comparable","not_comparable","not_comparable",RUST_REJECT_UNSUPPORTED,"COBRUN_UNSUPPORTED_UNSUPPORTED_LEVEL_NUMBER_14003",no,"cobrun: unsupported: unsupported level number 14003"
371,"COBOL","SM102A","SM102A.cob",7a7b14d44963143656dbee4fa1af5fbf5457da4139907d890f57d36f640f2fce,"bound-to-main","not-applicable",,"bound-to-main","not-applicable",,"not_comparable","not_comparable","not_comparable","not_comparable","not_comparable",NON_EXECUTABLE_LIBRARY,"SUBPROGRAM_BOUND_TO_MAIN",no,""
372,"COBOL","SM103A","SM103A.cob",706ee9ed02e843dbe80f2e6e591dc983f842a939e8330f33f01a08bd718548bd,"pass","pass",0,"reject-unsupported","not-run",2,"not_comparable","not_comparable","not_comparable","not_comparable","not_comparable",RUST_REJECT_UNSUPPORTED,"COBRUN_UNSUPPORTED_NOT_NUMERIC_LITERAL_12345678",no,"cobrun: unsupported: not a numeric literal: 12345678,91"
373,"COBOL","SM104A","SM104A.cob",0385f7a72b53cc9f506c007607d32deedece2a5238da1c698c15d156a4c51b93,"bound-to-main","not-applicable",,"bound-to-main","not-applicable",,"not_comparable","not_comparable","not_comparable","not_comparable","not_comparable",NON_EXECUTABLE_LIBRARY,"SUBPROGRAM_BOUND_TO_MAIN",no,""
374,"COBOL","SM105A","SM105A.cob",ca07ce4a51370711ec0d93ba3cb0f14559c14bcf7f21ccad3640d27ff2d75c42,"pass","pass",0,"reject-unsupported","not-run",2,"not_comparable","not_comparable","not_comparable","not_comparable","not_comparable",RUST_REJECT_UNSUPPORTED,"COBRUN_UNSUPPORTED_UNSUPPORTED_LEVEL_NUMBER_COPY",no,"cobrun: unsupported: unsupported level number COPY"
375,"COBOL","SM106A","SM106A.cob",254bf7a2a14d31eb03f97aaf5d6cab8be9233ea811f72e32088abcb45b9ecd0f,"pass","pass",0,"reject-unsupported","not-run",2,"not_comparable","not_comparable","not_comparable","not_comparable","not_comparable",RUST_REJECT_UNSUPPORTED,"COBRUN_UNSUPPORTED_PROCEDURE_DIVISION",no,"cobrun: unsupported: no PROCEDURE DIVISION"
376,"COBOL","SM107A","SM107A.cob",37671968ad829497a3a8a1d820a6b7ea9d5c410b11475e5778d22177e6f1a205,"pass","pass",0,"reject-unsupported","not-run",2,"not_comparable","not_comparable","not_comparable","not_comparable","not_comparable",RUST_REJECT_UNSUPPORTED,"COBRUN_UNSUPPORTED_MOVE_WITHOUT",no,"cobrun: unsupported: MOVE without TO"
377,"COBOL","SM201A","SM201A.cob",cf2c794d6453605ee59c3ba4b645dd2c6781f9e9cc597bd7036fc6c586969802,"pass","pass",0,"reject-unsupported","not-run",2,"not_comparable","not_comparable","not_comparable","not_comparable","not_comparable",RUST_REJECT_UNSUPPORTED,"COBRUN_UNSUPPORTED_UNSUPPORTED_LEVEL_NUMBER_COPY",no,"cobrun: unsupported: unsupported level number COPY"
378,"COBOL","SM202A","SM202A.cob",e41e01b79eccb1b7f1f98200f49b448df4a8fe187db2f19e27371f20119a3736,"bound-to-main","not-applicable",,"bound-to-main","not-applicable",,"not_comparable","not_comparable","not_comparable","not_comparable","not_comparable",NON_EXECUTABLE_LIBRARY,"SUBPROGRAM_BOUND_TO_MAIN",no,""
379,"COBOL","SM203A","SM203A.cob",3741c3c8e93da48f8a0f6f83f409db0e3a6094b80471c1ca9cc472e8327e27c4,"pass","pass",0,"reject-unsupported","not-run",2,"not_comparable","not_comparable","not_comparable","not_comparable","not_comparable",RUST_REJECT_UNSUPPORTED,"COBRUN_UNSUPPORTED_OPEN_PRINT_FILE_NOT_DECLARED_FILE",no,"cobrun: unsupported: OPEN: `PRINT-FILE` is not a declared file"
380,"COBOL","SM204A","SM204A.cob",e42041470766663b0d43c1f28069f850676b3fd09adb977b094da1f457a0e432,"bound-to-main","not-applicable",,"bound-to-main","not-applicable",,"not_comparable","not_comparable","not_comparable","not_comparable","not_comparable",NON_EXECUTABLE_LIBRARY,"SUBPROGRAM_BOUND_TO_MAIN",no,""
381,"COBOL","SM205A","SM205A.cob",492ced64045bfa9b3f526c4799d04849b95dd85da7d32059ebd2a93ad17b7bdd,"pass","pass",0,"reject-unsupported","not-run",2,"not_comparable","not_comparable","not_comparable","not_comparable","not_comparable",RUST_REJECT_UNSUPPORTED,"COBRUN_UNSUPPORTED_UNSUPPORTED_LEVEL_NUMBER_COPY",no,"cobrun: unsupported: unsupported level number COPY"
382,"COBOL","SM206A","SM206A.cob",452b5ea72f2e01b278ba5d82a24c851059fe80ff4c95e0e78c75bbe929ec648f,"pass","pass",0,"reject-unsupported","not-run",2,"not_comparable","not_comparable","not_comparable","not_comparable","not_comparable",RUST_REJECT_UNSUPPORTED,"COBRUN_UNSUPPORTED_VERB_COPY",no,"cobrun: unsupported: verb COPY"
383,"COBOL","SM207A","SM207A.cob",cbfb6d4b3212d530833d5a46c3b9a2bd97fe6969ff074ebe545928ddcf77b7d1,"pass","pass",0,"reject-unsupported","not-run",2,"not_comparable","not_comparable","not_comparable","not_comparable","not_comparable",RUST_REJECT_UNSUPPORTED,"COBRUN_UNSUPPORTED_VERB_COPY",no,"cobrun: unsupported: verb COPY"
384,"COBOL","SM208A","SM208A.cob",e04260b05f61ef83ae619a5011b69f185b803b325f1e6170adfca6c38cee459f,"pass","pass",0,"reject-unsupported","not-run",2,"not_comparable","not_comparable","not_comparable","not_comparable","not_comparable",RUST_REJECT_UNSUPPORTED,"COBRUN_UNSUPPORTED_UNSUPPORTED_LEVEL_NUMBER_REPLACE",no,"cobrun: unsupported: unsupported level number REPLACE"
385,"COBOL","SM301M","SM301M.cob",f6f1976f257c354d5a9906b37d69d2f4e0da08341a5a410af0220538a9b039e8,"pass","pass",0,"reject-unsupported","not-run",2,"not_comparable","not_comparable","not_comparable","not_comparable","not_comparable",RUST_REJECT_UNSUPPORTED,"COBRUN_UNSUPPORTED_VERB_COPY",no,"cobrun: unsupported: verb COPY"
386,"COBOL","SM401M","SM401M.cob",7d46148baaa78a5f79c10110178294bb36ac7c9642228a6a8e5c1e187cc1fe48,"pass","pass",0,"reject-unsupported","not-run",2,"not_comparable","not_comparable","not_comparable","not_comparable","not_comparable",RUST_REJECT_UNSUPPORTED,"COBRUN_UNSUPPORTED_VERB_COPY",no,"cobrun: unsupported: verb COPY"
387,"COBOL","SQ101M","SQ101M.cob",0ddfa03be2cbe8287228fc7b82dcd268d239607048ba645e0d368987c2c44ba5,"pass","pass",0,"reject-unsupported","not-run",2,"not_comparable","not_comparable","not_comparable","not_comparable","not_comparable",RUST_REJECT_UNSUPPORTED,"COBRUN_UNSUPPORTED_UNSUPPORTED_LEVEL_NUMBER",no,"cobrun: unsupported: unsupported level number IT"
388,"COBOL","SQ102A","SQ102A.cob",9c2787cedb430aec0d4d7939d4af4b78bacf408bed1570e6d3440de7f038ac41,"pass","pass",0,"reject-parse","not-run",2,"not_comparable","not_comparable","not_comparable","not_comparable","not_comparable",RUST_REJECT_PARSE,"COBRUN_UNDEFINED_DATA_NAME_XRECORD_NUMBER",no,"cobrun: undefined data name: XRECORD-NUMBER(1)"
389,"COBOL","SQ103A","SQ103A.cob",d49e5451f1433ba2ef24b12e642fb5b60522ec8c41b08ed180c031aea1050d89,"pass","pass",0,"reject-parse","not-run",2,"not_comparable","not_comparable","not_comparable","not_comparable","not_comparable",RUST_REJECT_PARSE,"COBRUN_UNDEFINED_DATA_NAME_XRECORD_NUMBER",no,"cobrun: undefined data name: XRECORD-NUMBER(1)"
390,"COBOL","SQ104A","SQ104A.cob",fcfc795469ec87bfe7c491ac5be5207547fc6785b8e52aebbca10c711d00e406,"pass","pass",0,"reject-parse","not-run",2,"not_comparable","not_comparable","not_comparable","not_comparable","not_comparable",RUST_REJECT_PARSE,"COBRUN_UNDEFINED_DATA_NAME_XRECORD_NUMBER",no,"cobrun: undefined data name: XRECORD-NUMBER(1)"
391,"COBOL","SQ105A","SQ105A.cob",011783d4d0427c7573b3088732244bd0f17724c0f871b7edee9fb6fe6f7f809c,"pass","pass",0,"reject-parse","not-run",2,"not_comparable","not_comparable","not_comparable","not_comparable","not_comparable",RUST_REJECT_PARSE,"COBRUN_UNDEFINED_DATA_NAME_XRECORD_NUMBER",no,"cobrun: undefined data name: XRECORD-NUMBER(1)"
392,"COBOL","SQ106A","SQ106A.cob",4288db31356726cf4f64ac954b21003a8d3cc1e6837dada843d7f98f5489ee9e,"pass","fail",1,"reject-parse","not-run",2,"","","","","",ORACLE_RUN_FAIL,"ORACLE_RUN_NONZERO_EXIT",no,"libcob: error: file does not exist (status = 35) for file RAW-DATA ('000011')"
393,"COBOL","SQ107A","SQ107A.cob",e4ed0dc5b8bb5ac008d9944f5b80d1d11880ba6db1ddf13bafa571ef27f0d5bd,"pass","fail",1,"reject-unsupported","not-run",2,"","","","","",ORACLE_RUN_FAIL,"ORACLE_RUN_NONZERO_EXIT",no,"libcob: error: file does not exist (status = 35) for file RAW-DATA ('000450')"
394,"COBOL","SQ108A","SQ108A.cob",398b8297f0fcd78f3c3280062556588668960bb4533cb125807464253aa66207,"pass","fail",1,"reject-unsupported","not-run",2,"","","","","",ORACLE_RUN_FAIL,"ORACLE_RUN_NONZERO_EXIT",no,"libcob: error: file does not exist (status = 35) for file RAW-DATA ('FILE=SQ-FS8,RECORD=R1-F-G' => FILE=SQ-FS8,RECORD=R1-F-G/0,RECNO=000709,UPDT=00,ODO=0000,PGM=SQ108,LRECL=000141,BLKSIZRC=0001,LFIL=000710,ORG=SQ,LBLR=O)"
395,"COBOL","SQ109M","SQ109M.cob",8f59e9d19a825f0ee41795766fe11dae17f0b3ae559c3187892287205793d970,"pass","fail",1,"reject-unsupported","not-run",2,"","","","","",ORACLE_RUN_FAIL,"ORACLE_RUN_NONZERO_EXIT",no,"libcob: error: file does not exist (status = 35) for file RAW-DATA ('000750')"
396,"COBOL","SQ110M","SQ110M.cob",01c967109748609f1cb673dfd546dd937883c2b6f3e1b12a0839e3f3a199342a,"pass","fail",1,"reject-unsupported","not-run",2,"","","","","",ORACLE_RUN_FAIL,"ORACLE_RUN_NONZERO_EXIT",no,"libcob: error: file does not exist (status = 35) for file RAW-DATA ('000649')"
397,"COBOL","SQ111A","SQ111A.cob",ffc4a1a72880fc03cfb1deb017cd030095af8cf7f25cdada9ce8de71a0506c19,"pass","fail",1,"reject-unsupported","not-run",2,"","","","","",ORACLE_RUN_FAIL,"ORACLE_RUN_NONZERO_EXIT",no,"libcob: error: file does not exist (status = 35) for file RAW-DATA ('SQ-FS1')"
398,"COBOL","SQ112A","SQ112A.cob",a644a99658c7bcc157b4961477529491a3544ab60155fdec4d0d9d5f88413e39,"pass","fail",1,"reject-unsupported","not-run",2,"","","","","",ORACLE_RUN_FAIL,"ORACLE_RUN_NONZERO_EXIT",no,"libcob: error: file does not exist (status = 35) for file RAW-DATA ('000150')"
399,"COBOL","SQ113A","SQ113A.cob",837f094db4d588f1dcb9d454cab1b497ccb8cc59756d4c86594b800f04ccb5b9,"pass","pass",0,"reject-parse","not-run",2,"not_comparable","not_comparable","not_comparable","not_comparable","not_comparable",RUST_REJECT_PARSE,"COBRUN_UNDEFINED_DATA_NAME_XRECORD_NUMBER",no,"cobrun: undefined data name: XRECORD-NUMBER(1)"
400,"COBOL","SQ114A","SQ114A.cob",929e835815e769769c5a6ffcc928115da539c763344476df84f017c34f9083d4,"pass","fail",1,"reject-unsupported","not-run",2,"","","","","",ORACLE_RUN_FAIL,"ORACLE_RUN_NONZERO_EXIT",no,"libcob: error: file does not exist (status = 35) for file RAW-DATA ('000649')"
401,"COBOL","SQ115A","SQ115A.cob",625dc3642486e3339d80d0da656df938930f343e01687855db96aa318ffe135e,"pass","fail",1,"reject-unsupported","not-run",2,"","","","","",ORACLE_RUN_FAIL,"ORACLE_RUN_NONZERO_EXIT",no,"libcob: error: file does not exist (status = 35) for file RAW-DATA ('01')"
402,"COBOL","SQ116A","SQ116A.cob",b17e71068bce3578f29b6f63bbb3d02c437a3dc041553c2b61ca01e02da6493c,"pass","fail",1,"reject-unsupported","not-run",2,"","","","","",ORACLE_RUN_FAIL,"ORACLE_RUN_NONZERO_EXIT",no,"libcob: error: file does not exist (status = 35) for file RAW-DATA ('000550')"
403,"COBOL","SQ117A","SQ117A.cob",1696b98012717385a4b9b76e2debf9a8cdd9b0cd7ca91ec7c5dcb2b73cff260c,"pass","fail",1,"reject-unsupported","not-run",2,"","","","","",ORACLE_RUN_FAIL,"ORACLE_RUN_NONZERO_EXIT",no,"libcob: error: file does not exist (status = 35) for file RAW-DATA ('000493')"
404,"COBOL","SQ121A","SQ121A.cob",7b0b6a2ce71399bbf3dcc9921881094dccdefe1ab1a22982bd69d7d7468e3ae2,"pass","pass",0,"reject-unsupported","not-run",2,"not_comparable","not_comparable","not_comparable","not_comparable","not_comparable",RUST_REJECT_UNSUPPORTED,"COBRUN_UNSUPPORTED_NOT_NUMERIC_LITERAL_FILE_RECORD_INFO",no,"cobrun: unsupported: not a numeric literal: FILE-RECORD-INFO-P1-120(1)"
405,"COBOL","SQ122A","SQ122A.cob",158f707f995516896ff64e2b5dd8737a477928e8ad0970e947b56f65d662e349,"pass","pass",0,"reject-parse","not-run",2,"not_comparable","not_comparable","not_comparable","not_comparable","not_comparable",RUST_REJECT_PARSE,"COBRUN_UNDEFINED_DATA_NAME_XRECORD_NUMBER",no,"cobrun: undefined data name: XRECORD-NUMBER(1)"
406,"COBOL","SQ123A","SQ123A.cob",39db2f1994a3718177396b79d89b0ec47494b0fe1b71934323ca2954bbf66649,"pass","pass",0,"reject-unsupported","not-run",2,"not_comparable","not_comparable","not_comparable","not_comparable","not_comparable",RUST_REJECT_UNSUPPORTED,"COBRUN_UNSUPPORTED_CLOSE_REEL_NOT_DECLARED_FILE",no,"cobrun: unsupported: CLOSE: `REEL` is not a declared file"
407,"COBOL","SQ124A","SQ124A.cob",ff3b19d17b4853ff19032b0691e61307a96068360fee74ca2a5dfbe70cce13c7,"pass","pass",0,"reject-parse","not-run",2,"not_comparable","not_comparable","not_comparable","not_comparable","not_comparable",RUST_REJECT_PARSE,"COBRUN_UNDEFINED_DATA_NAME_XRECORD_NUMBER",no,"cobrun: undefined data name: XRECORD-NUMBER(1)"
408,"COBOL","SQ125A","SQ125A.cob",b3db264e0e34d1119136f82f99443e906467af583b3c8d4ed327e79bcaa5090f,"pass","pass",0,"accepted","pass",0,"mismatch","mismatch","match","match","mismatch",OUTPUT_MISMATCH,"OUTPUT_BYTES_DIFFER",no,""
409,"COBOL","SQ126A","SQ126A.cob",2b94d07a74de20a82bde48b37ab191918278bfe87b04d4e63ed57eb85af80163,"pass","fail",1,"reject-unsupported","not-run",2,"","","","","",ORACLE_RUN_FAIL,"ORACLE_RUN_NONZERO_EXIT",no,"libcob: error: file does not exist (status = 35) for file RAW-DATA ('000600')"
410,"COBOL","SQ127A","SQ127A.cob",c81af1e9c387d26d88c743fe981de96a2cef506127c959ed81b7a59051da219c,"pass","fail",1,"reject-unsupported","not-run",2,"","","","","",ORACLE_RUN_FAIL,"ORACLE_RUN_NONZERO_EXIT",no,"libcob: error: file does not exist (status = 35) for file RAW-DATA ('000649')"
411,"COBOL","SQ128A","SQ128A.cob",960eed157308ac86ffb3e2e75b42507c8fd41e468d709ef7b186cb6b302da9f2,"pass","fail",1,"reject-unsupported","not-run",2,"","","","","",ORACLE_RUN_FAIL,"ORACLE_RUN_NONZERO_EXIT",no,"libcob: error: file does not exist (status = 35) for file RAW-DATA ('000750')"
412,"COBOL","SQ129A","SQ129A.cob",fc39b1de4a3ce0486ff8028812db2623d17e5b889c6627485cece00cc23dad04,"pass","pass",0,"accepted","pass",0,"mismatch","mismatch","mismatch","match","mismatch",GENERATED_FILE_MISMATCH,"GENERATED_FILES_DIFFER",no,""
413,"COBOL","SQ130A","SQ130A.cob",a55b65985ceab378790322dbed70d1c45a125c5ddaf77e4b76f87514c2156e73,"pass","pass",0,"accepted","pass",0,"match","match","mismatch","match","match",GENERATED_FILE_MISMATCH,"GENERATED_FILES_DIFFER",no,""
414,"COBOL","SQ131A","SQ131A.cob",02fc36e536a650d4a21d2e6bbb4faef059393158e04d38e5f4ef29d20880453f,"pass","pass",0,"accepted","pass",0,"mismatch","mismatch","mismatch","match","mismatch",GENERATED_FILE_MISMATCH,"GENERATED_FILES_DIFFER",no,""
415,"COBOL","SQ132A","SQ132A.cob",0f465dec59da05a638ca73b86522a23bcd212a27cf06823d76866a1ecac1eb52,"pass","pass",0,"accepted","pass",0,"mismatch","mismatch","match","match","mismatch",OUTPUT_MISMATCH,"OUTPUT_BYTES_DIFFER",no,""
416,"COBOL","SQ133A","SQ133A.cob",05fc455993c0cb6b8aa75c152703b90cb6d4bbf245c6b50b96ac896d45fc7f7b,"pass","pass",0,"reject-parse","not-run",2,"not_comparable","not_comparable","not_comparable","not_comparable","not_comparable",RUST_REJECT_PARSE,"COBRUN_UNDEFINED_DATA_NAME_XRECORD_NUMBER",no,"cobrun: undefined data name: XRECORD-NUMBER(1)"
417,"COBOL","SQ134A","SQ134A.cob",0899276662a82935fba3653b2e263110fcaa63a6ddf46d200bf4dc8b2c175b39,"pass","pass",0,"reject-parse","not-run",2,"not_comparable","not_comparable","not_comparable","not_comparable","not_comparable",RUST_REJECT_PARSE,"COBRUN_UNDEFINED_DATA_NAME_XRECORD_NUMBER",no,"cobrun: undefined data name: XRECORD-NUMBER(1)"
418,"COBOL","SQ135A","SQ135A.cob",bb0c0ea2f4aa0f4281a3f3f5e7826538245e19f66d536ebd9b625e5a9b9c2177,"pass","pass",0,"reject-unsupported","not-run",2,"not_comparable","not_comparable","not_comparable","not_comparable","not_comparable",RUST_REJECT_UNSUPPORTED,"COBRUN_UNSUPPORTED_NOT_NUMERIC_LITERAL_FILE_RECORD_INFO",no,"cobrun: unsupported: not a numeric literal: FILE-RECORD-INFO-P1-120(1)"
419,"COBOL","SQ136A","SQ136A.cob",f7e3f1d7477e0ffc9924dd89213a65f78b21f5a79061509bdaf54d3a3f74e9b3,"pass","pass",0,"reject-parse","not-run",2,"not_comparable","not_comparable","not_comparable","not_comparable","not_comparable",RUST_REJECT_PARSE,"COBRUN_UNDEFINED_DATA_NAME_XRECORD_NUMBER",no,"cobrun: undefined data name: XRECORD-NUMBER(1)"
420,"COBOL","SQ137A","SQ137A.cob",8d652d92cc6e7036bbe4441c581d79b815867679301d86219147bf1d0fdca5ef,"pass","pass",0,"reject-parse","not-run",2,"not_comparable","not_comparable","not_comparable","not_comparable","not_comparable",RUST_REJECT_PARSE,"COBRUN_UNDEFINED_DATA_NAME_XRECORD_NUMBER",no,"cobrun: undefined data name: XRECORD-NUMBER(1)"
421,"COBOL","SQ138A","SQ138A.cob",9c10d69fe073235e4151f21cc641616c86898fa3bbf40588515138fd20dbb284,"pass","pass",0,"reject-parse","not-run",2,"not_comparable","not_comparable","not_comparable","not_comparable","not_comparable",RUST_REJECT_PARSE,"COBRUN_UNDEFINED_DATA_NAME_XRECORD_NUMBER",no,"cobrun: undefined data name: XRECORD-NUMBER(1)"
422,"COBOL","SQ139A","SQ139A.cob",7c2d6430cace2f614833ca60f540b568456561e819b904ad63e616bb7500bce4,"pass","pass",0,"accepted","pass",0,"mismatch","mismatch","mismatch","match","mismatch",GENERATED_FILE_MISMATCH,"GENERATED_FILES_DIFFER",no,""
423,"COBOL","SQ140A","SQ140A.cob",433e1504b087b3765c383015f3c0251aba8e8367b3d97fbbf2efb55c4048423f,"pass","pass",0,"accepted","pass",0,"mismatch","mismatch","mismatch","match","mismatch",GENERATED_FILE_MISMATCH,"GENERATED_FILES_DIFFER",no,""
424,"COBOL","SQ141A","SQ141A.cob",66e5f737d1dcca7c535fe953f2c82ae5d15e7d623fb213e3d58c011a67eca8d5,"pass","pass",0,"accepted","pass",0,"mismatch","mismatch","mismatch","match","mismatch",GENERATED_FILE_MISMATCH,"GENERATED_FILES_DIFFER",no,""
425,"COBOL","SQ142A","SQ142A.cob",e1eded433b4abf1409e21f319db432e2d27efbeba28f8e71f776cc1345bb327a,"pass","pass",0,"accepted","pass",0,"mismatch","mismatch","mismatch","match","match",GENERATED_FILE_MISMATCH,"GENERATED_FILES_DIFFER",no,""
426,"COBOL","SQ143A","SQ143A.cob",783ddcec2cc7602a70caba1ec73c6b046759de00ca21f4d8f48ade19b22a6d71,"pass","pass",0,"accepted","pass",0,"mismatch","mismatch","match","match","mismatch",OUTPUT_MISMATCH,"OUTPUT_BYTES_DIFFER",no,""
427,"COBOL","SQ144A","SQ144A.cob",a1e5a2655e65779d5fe79a1df013ed3c4a534a80764993235476b8cc77478582,"pass","pass",0,"reject-parse","not-run",2,"not_comparable","not_comparable","not_comparable","not_comparable","not_comparable",RUST_REJECT_PARSE,"COBRUN_UNDEFINED_DATA_NAME_XRECORD_NUMBER",no,"cobrun: undefined data name: XRECORD-NUMBER(1)"
428,"COBOL","SQ146A","SQ146A.cob",b805e90a28d1b878c7b0248cf58ad19d16e9d479ceb2a8097058703b6cb0f5c1,"pass","pass",0,"reject-unsupported","not-run",2,"not_comparable","not_comparable","not_comparable","not_comparable","not_comparable",RUST_REJECT_UNSUPPORTED,"COBRUN_UNSUPPORTED_NOT_NUMERIC_LITERAL_FILE_RECORD_INFO",no,"cobrun: unsupported: not a numeric literal: FILE-RECORD-INFO-P1-120(1)"
429,"COBOL","SQ147A","SQ147A.cob",7980b226264c2676f71c8cb45e7bbe84343712651518e7d33768c7038cbf9f9b,"pass","pass",0,"reject-unsupported","not-run",2,"not_comparable","not_comparable","not_comparable","not_comparable","not_comparable",RUST_REJECT_UNSUPPORTED,"COBRUN_UNSUPPORTED_NOT_NUMERIC_LITERAL_FILE_RECORD_INFO",no,"cobrun: unsupported: not a numeric literal: FILE-RECORD-INFO-P1-120(1)"
430,"COBOL","SQ148A","SQ148A.cob",8eaebc0355bf7eedb17c5df70c705163e197b489c7cdee380918fec061a36642,"pass","pass",0,"accepted","pass",0,"mismatch","mismatch","match","match","mismatch",OUTPUT_MISMATCH,"OUTPUT_BYTES_DIFFER",no,""
431,"COBOL","SQ149A","SQ149A.cob",514cc28c517eead104226f309a63f331b18d59354d421412d638a82b081dbe68,"pass","pass",0,"reject-unsupported","not-run",2,"not_comparable","not_comparable","not_comparable","not_comparable","not_comparable",RUST_REJECT_UNSUPPORTED,"COBRUN_UNSUPPORTED_NOT_NUMERIC_LITERAL_FILE_RECORD_INFO",no,"cobrun: unsupported: not a numeric literal: FILE-RECORD-INFO-P1-120(1)"
432,"COBOL","SQ150A","SQ150A.cob",4f25388de98564d7982787f8ebb3191d678ff91857a700f6f297bca2678d7456,"pass","pass",0,"reject-unsupported","not-run",2,"not_comparable","not_comparable","not_comparable","not_comparable","not_comparable",RUST_REJECT_UNSUPPORTED,"COBRUN_UNSUPPORTED_NOT_NUMERIC_LITERAL_FILE_RECORD_INFO",no,"cobrun: unsupported: not a numeric literal: FILE-RECORD-INFO-P1-120(1)"
433,"COBOL","SQ151A","SQ151A.cob",c2abc5d886a0dc7c3aec4d2b268222e7dbb24d733cf84c0490df5d22b39399f0,"pass","pass",0,"reject-unsupported","not-run",2,"not_comparable","not_comparable","not_comparable","not_comparable","not_comparable",RUST_REJECT_UNSUPPORTED,"COBRUN_UNSUPPORTED_NOT_NUMERIC_LITERAL_FILE_RECORD_INFO",no,"cobrun: unsupported: not a numeric literal: FILE-RECORD-INFO-P1-120(1)"
434,"COBOL","SQ152A","SQ152A.cob",34933dc8dc87c8ae3da53c89c4cc2ffe59ce4e8994ed90e67004ec569b55f0a4,"pass","pass",0,"reject-unsupported","not-run",2,"not_comparable","not_comparable","not_comparable","not_comparable","not_comparable",RUST_REJECT_UNSUPPORTED,"COBRUN_UNSUPPORTED_NOT_NUMERIC_LITERAL_FILE_RECORD_INFO",no,"cobrun: unsupported: not a numeric literal: FILE-RECORD-INFO-P1-120(1)"
435,"COBOL","SQ153A","SQ153A.cob",70a48558fb6398bc3776eec8779d47951ef39e11499cb8e331f7c3e64031075e,"pass","pass",0,"reject-unsupported","not-run",2,"not_comparable","not_comparable","not_comparable","not_comparable","not_comparable",RUST_REJECT_UNSUPPORTED,"COBRUN_UNSUPPORTED_NOT_NUMERIC_LITERAL_FILE_RECORD_INFO",no,"cobrun: unsupported: not a numeric literal: FILE-RECORD-INFO-P1-120(1)"
436,"COBOL","SQ154A","SQ154A.cob",3976562737c682c3e5a28545b33b0fb5b0181d9ab717736d8b1e0f2d02d10d3f,"pass","pass",0,"reject-unsupported","not-run",2,"not_comparable","not_comparable","not_comparable","not_comparable","not_comparable",RUST_REJECT_UNSUPPORTED,"COBRUN_UNSUPPORTED_NOT_NUMERIC_LITERAL_FILE_RECORD_INFO",no,"cobrun: unsupported: not a numeric literal: FILE-RECORD-INFO-P1-120(1)"
437,"COBOL","SQ155A","SQ155A.cob",3b39eb2da3733026e9dd9d7deb904db33317921a3f25f3b0cfd27269e0e6ef15,"pass","pass",0,"reject-unsupported","not-run",2,"not_comparable","not_comparable","not_comparable","not_comparable","not_comparable",RUST_REJECT_UNSUPPORTED,"COBRUN_UNSUPPORTED_NOT_NUMERIC_LITERAL_FILE_RECORD_INFO",no,"cobrun: unsupported: not a numeric literal: FILE-RECORD-INFO-P1-120(1)"
438,"COBOL","SQ156A","SQ156A.cob",ed0fc4991471205bb7ccf79a7df5bed13efe00a82940514dac7eb85ab5de3ce8,"pass","pass",0,"reject-unsupported","not-run",2,"not_comparable","not_comparable","not_comparable","not_comparable","not_comparable",RUST_REJECT_UNSUPPORTED,"COBRUN_UNSUPPORTED_NOT_NUMERIC_LITERAL_FILE_RECORD_INFO",no,"cobrun: unsupported: not a numeric literal: FILE-RECORD-INFO-P1-120(1)"
439,"COBOL","SQ201M","SQ201M.cob",e88157d712fff69f80314f8c48096a968c3196d30fd15c11baf1f5305e3fd0a2,"pass","pass",0,"reject-unsupported","not-run",2,"not_comparable","not_comparable","not_comparable","not_comparable","not_comparable",RUST_REJECT_UNSUPPORTED,"COBRUN_UNSUPPORTED_NOT_NUMERIC_LITERAL_LINAGE_COUNTER",no,"cobrun: unsupported: not a numeric literal: LINAGE-COUNTER"
440,"COBOL","SQ202A","SQ202A.cob",817adc18a5d92aaec3b1b082a5fb86ab41d79ba32a2854fa02f5c7ff02c2b566,"pass","fail",1,"reject-unsupported","not-run",2,"","","","","",ORACLE_RUN_FAIL,"ORACLE_RUN_NONZERO_EXIT",no,"libcob: error: file does not exist (status = 35) for file RAW-DATA ('000750')"
441,"COBOL","SQ203A","SQ203A.cob",0679e96acd51de8fa4bae95b673e7fc47654384f25439ed19237be4d31c60906,"bound-to-main","not-applicable",,"bound-to-main","not-applicable",,"not_comparable","not_comparable","not_comparable","not_comparable","not_comparable",NON_EXECUTABLE_LIBRARY,"SUBPROGRAM_BOUND_TO_MAIN",no,""
442,"COBOL","SQ204A","SQ204A.cob",3905c7bc304dd08af0d8be8e78f36263df6beb239968729629d5562a232bb792,"pass","fail",1,"reject-unsupported","not-run",2,"","","","","",ORACLE_RUN_FAIL,"ORACLE_RUN_NONZERO_EXIT",no,"libcob: error: file does not exist (status = 35) for file RAW-DATA ('001000')"
443,"COBOL","SQ205A","SQ205A.cob",ccd4ccf2cd6993abedfcea2bbf34489c256b1ad05ec798222ad0c8bc1b7abc73,"pass","fail",1,"reject-unsupported","not-run",2,"","","","","",ORACLE_RUN_FAIL,"ORACLE_RUN_NONZERO_EXIT",no,"libcob: error: file does not exist (status = 35) for file RAW-DATA ('000500')"
444,"COBOL","SQ206A","SQ206A.cob",314ff4552977f410fc5317656fc5651734c13d62d8da090fb2ebc5c830811d4b,"pass","fail",1,"reject-unsupported","not-run",2,"","","","","",ORACLE_RUN_FAIL,"ORACLE_RUN_NONZERO_EXIT",no,"libcob: error: file does not exist (status = 35) for file RAW-DATA ('000750')"
445,"COBOL","SQ207M","SQ207M.cob",c0349ea577f66acb283662350a3b5fa31ff58dfa1ed6c81dbb7cd8e7e8874bef,"pass","pass",0,"reject-unsupported","not-run",2,"not_comparable","not_comparable","not_comparable","not_comparable","not_comparable",RUST_REJECT_UNSUPPORTED,"COBRUN_UNSUPPORTED_UNSUPPORTED_LEVEL_NUMBER",no,"cobrun: unsupported: unsupported level number IT"
446,"COBOL","SQ208M","SQ208M.cob",1b8457013a4bfa25a945ca8441092d0a08522edbdf606f00b5a2c1147ffe8911,"pass","pass",0,"reject-unsupported","not-run",2,"not_comparable","not_comparable","not_comparable","not_comparable","not_comparable",RUST_REJECT_UNSUPPORTED,"COBRUN_UNSUPPORTED_UNSUPPORTED_LEVEL_NUMBER_THIS",no,"cobrun: unsupported: unsupported level number THIS"
447,"COBOL","SQ209M","SQ209M.cob",36ae81480ea8e66514d44bcdb9082ad736d5b08c9537e3c3f4622bd17f1b401c,"pass","pass",0,"reject-runtime-boundary","not-run",2,"not_comparable","not_comparable","not_comparable","not_comparable","not_comparable",RUST_REJECT_RUNTIME_BOUNDARY,"COBRUN_RUNTIME_ERROR_PERFORM_UNTIL_EXCEEDED_1E6_ITERATIONS",no,"cobrun: runtime error: PERFORM UNTIL exceeded 1e6 iterations"
448,"COBOL","SQ210M","SQ210M.cob",efe0b58672f16ee1c917b20d8cf67bcba9d614af95e036ec9204043f60693779,"pass","pass",0,"reject-runtime-boundary","not-run",2,"not_comparable","not_comparable","not_comparable","not_comparable","not_comparable",RUST_REJECT_RUNTIME_BOUNDARY,"COBRUN_RUNTIME_ERROR_PERFORM_UNTIL_EXCEEDED_1E6_ITERATIONS",no,"cobrun: runtime error: PERFORM UNTIL exceeded 1e6 iterations"
449,"COBOL","SQ211A","SQ211A.cob",a6dab6286262847b26a574ab67e56c55836ea329da770bb4234f224231a3beb8,"pass","pass",0,"reject-unsupported","not-run",2,"not_comparable","not_comparable","not_comparable","not_comparable","not_comparable",RUST_REJECT_UNSUPPORTED,"COBRUN_UNSUPPORTED_NOT_NUMERIC_LITERAL_FILE_RECORD_INFO",no,"cobrun: unsupported: not a numeric literal: FILE-RECORD-INFO-P1-120(1)"
450,"COBOL","SQ212A","SQ212A.cob",8ad3b44e6dba690af38456433b78d494ad77fe685742e15686258cb620cd00bc,"pass","pass",0,"reject-unsupported","not-run",2,"not_comparable","not_comparable","not_comparable","not_comparable","not_comparable",RUST_REJECT_UNSUPPORTED,"COBRUN_UNSUPPORTED_VERB_END",no,"cobrun: unsupported: verb END"
451,"COBOL","SQ213A","SQ213A.cob",397cc5213e78ba8cbf9af1445780db8fa9498f477d8855b5151875fa5d599f34,"pass","fail",1,"reject-unsupported","not-run",2,"","","","","",ORACLE_RUN_FAIL,"ORACLE_RUN_NONZERO_EXIT",no,"libcob: error: file does not exist (status = 35) for file RAW-DATA ('001000')"
452,"COBOL","SQ214A","SQ214A.cob",659f1a499dfe8070e2b23c5408c28b3f956222c6339db82422b396fd1ada9aac,"pass","fail",1,"reject-unsupported","not-run",2,"","","","","",ORACLE_RUN_FAIL,"ORACLE_RUN_NONZERO_EXIT",no,"libcob: error: file does not exist (status = 35) for file RAW-DATA ('123456789')"
453,"COBOL","SQ215A","SQ215A.cob",da264e2614297f7a3ecdb4f01048c9b56c524e45502ea54cf27e04bba109be36,"pass","pass",0,"reject-unsupported","not-run",2,"not_comparable","not_comparable","not_comparable","not_comparable","not_comparable",RUST_REJECT_UNSUPPORTED,"COBRUN_UNSUPPORTED_NOT_NUMERIC_LITERAL_FILE_RECORD_INFO",no,"cobrun: unsupported: not a numeric literal: FILE-RECORD-INFO-P1-120(1)"
454,"COBOL","SQ216A","SQ216A.cob",0c24949e7b88b228d75b43d9454154fefd648845d301f1f4a42a8dc3757d7fca,"pass","fail",1,"reject-unsupported","not-run",2,"","","","","",ORACLE_RUN_FAIL,"ORACLE_RUN_NONZERO_EXIT",no,"libcob: error: file does not exist (status = 35) for file RAW-DATA ('000750')"
455,"COBOL","SQ217A","SQ217A.cob",c40f3bd4c938e120d713bc1a29992be2db9dea0a1f11786d82e5232e6e826466,"pass","fail",1,"reject-unsupported","not-run",2,"","","","","",ORACLE_RUN_FAIL,"ORACLE_RUN_NONZERO_EXIT",no,"libcob: error: file does not exist (status = 35) for file RAW-DATA ('000750')"
456,"COBOL","SQ218A","SQ218A.cob",70632dde1db6b57969efd3a30caa3a5037a2887be4b7fcd530b6d0d37944c607,"pass","fail",1,"reject-unsupported","not-run",2,"","","","","",ORACLE_RUN_FAIL,"ORACLE_RUN_NONZERO_EXIT",no,"libcob: error: file does not exist (status = 35) for file RAW-DATA ('000450')"
457,"COBOL","SQ219A","SQ219A.cob",f7a8d29470bc9f48e79e7fd1a874b8e1c5e3864ad8181dc046e7d65b4a8e6448,"pass","fail",1,"reject-unsupported","not-run",2,"","","","","",ORACLE_RUN_FAIL,"ORACLE_RUN_NONZERO_EXIT",no,"libcob: error: file does not exist (status = 35) for file RAW-DATA ('000450')"
458,"COBOL","SQ220A","SQ220A.cob",99120182bb985cceaa49d8ac35800f7306e5259d16133569f5b5ff4623c3122e,"pass","fail",1,"reject-unsupported","not-run",2,"","","","","",ORACLE_RUN_FAIL,"ORACLE_RUN_NONZERO_EXIT",no,"libcob: error: file does not exist (status = 35) for file RAW-DATA ('000450')"
459,"COBOL","SQ221A","SQ221A.cob",c3fe61909f73706fdf1c2b1d5085093f2c4ed686c96eb9462e6fe9a5a2db8486,"pass","fail",1,"reject-unsupported","not-run",2,"","","","","",ORACLE_RUN_FAIL,"ORACLE_RUN_NONZERO_EXIT",no,"libcob: error: file does not exist (status = 35) for file RAW-DATA ('000450')"
460,"COBOL","SQ222A","SQ222A.cob",2f90c80850ffad182b350df45e74bf3a29a34ae83de83da6b62449c6c7b6df22,"pass","fail",1,"reject-unsupported","not-run",2,"","","","","",ORACLE_RUN_FAIL,"ORACLE_RUN_NONZERO_EXIT",no,"libcob: error: file does not exist (status = 35) for file RAW-DATA ('000450')"
461,"COBOL","SQ223A","SQ223A.cob",120198f7698f31c851c1c2015f07d2216d3e3ab0197a841458461967fb263ade,"pass","fail",1,"reject-unsupported","not-run",2,"","","","","",ORACLE_RUN_FAIL,"ORACLE_RUN_NONZERO_EXIT",no,"libcob: error: file does not exist (status = 35) for file RAW-DATA ('000450')"
462,"COBOL","SQ224A","SQ224A.cob",5d422ac01406f486fa61771b41f47cc13a47e2851848dd005333231a668c8a8b,"pass","pass",0,"reject-unsupported","not-run",2,"not_comparable","not_comparable","not_comparable","not_comparable","not_comparable",RUST_REJECT_UNSUPPORTED,"COBRUN_UNSUPPORTED_VERB_READ_REC",no,"cobrun: unsupported: verb READ-REC-1"
463,"COBOL","SQ225A","SQ225A.cob",049c065b8341bee4631f0167d7610c913c5f7c21864b0cb0571ef53926a7e2c7,"pass","pass",0,"accepted","pass",0,"mismatch","mismatch","mismatch","match","mismatch",GENERATED_FILE_MISMATCH,"GENERATED_FILES_DIFFER",no,""
464,"COBOL","SQ226A","SQ226A.cob",949ba86d6bd0cdbf57cde443269297a53ed1c378f4270caddc738bf69b015b5c,"pass","pass",0,"reject-parse","not-run",2,"not_comparable","not_comparable","not_comparable","not_comparable","not_comparable",RUST_REJECT_PARSE,"COBRUN_UNDEFINED_DATA_NAME_XRECORD_NUMBER",no,"cobrun: undefined data name: XRECORD-NUMBER(1)"
465,"COBOL","SQ227A","SQ227A.cob",cbac9259b78f0ece605a604a6dd3365adb1f018e874845a48e437719221211b9,"pass","pass",0,"reject-parse","not-run",2,"not_comparable","not_comparable","not_comparable","not_comparable","not_comparable",RUST_REJECT_PARSE,"COBRUN_UNDEFINED_DATA_NAME_XRECORD_NUMBER",no,"cobrun: undefined data name: XRECORD-NUMBER(1)"
466,"COBOL","SQ228A","SQ228A.cob",548e8f6ee16701bacf0303e165eee5b3cca615b30e16f22058c9c97593efb5b6,"pass","pass",0,"reject-parse","not-run",2,"not_comparable","not_comparable","not_comparable","not_comparable","not_comparable",RUST_REJECT_PARSE,"COBRUN_UNDEFINED_DATA_NAME_XRECORD_NUMBER",no,"cobrun: undefined data name: XRECORD-NUMBER(1)"
467,"COBOL","SQ229A","SQ229A.cob",c9e2a4571aef8eee1eb808c8ba3a2869f70d0865a9d38e95d7ffad8110896743,"pass","pass",0,"reject-unsupported","not-run",2,"not_comparable","not_comparable","not_comparable","not_comparable","not_comparable",RUST_REJECT_UNSUPPORTED,"COBRUN_UNSUPPORTED_NOT_NUMERIC_LITERAL_FILE_RECORD_INFO",no,"cobrun: unsupported: not a numeric literal: FILE-RECORD-INFO-P1-120(1)"
468,"COBOL","SQ230A","SQ230A.cob",098916eb24dc839fff03916812bb82320ccfb59c5b57b3c114f90dd24e4e548c,"pass","pass",0,"reject-unsupported","not-run",2,"not_comparable","not_comparable","not_comparable","not_comparable","not_comparable",RUST_REJECT_UNSUPPORTED,"COBRUN_UNSUPPORTED_NOT_NUMERIC_LITERAL_FILE_RECORD_INFO",no,"cobrun: unsupported: not a numeric literal: FILE-RECORD-INFO-P1-120(1)"
469,"COBOL","SQ302M","SQ302M.cob",cbfaa4b75c9de1b5a414e228c4ffb019655c11907bbe345aa94291f7403d7868,"pass","pass",0,"accepted","pass",0,"match","match","match","match","not_comparable",RAW_OUTPUT_MATCH,"RAW_OUTPUT_IDENTICAL",no,""
470,"COBOL","SQ303M","SQ303M.cob",71fa8d9d8a0f41fbac2e8439ceea19abfe65103e43dcff45fcbf30d4a118cb39,"pass","fail",1,"reject-unsupported","not-run",2,"","","","","",ORACLE_RUN_FAIL,"ORACLE_RUN_NONZERO_EXIT",no,"libcob: error: file does not exist (status = 35) for file TFIL ('XXXXX014')"
471,"COBOL","SQ401M","SQ401M.cob",579570f9bca231b42fc9adc76852d656b24f622332762dcd33b568180f6f27ec,"pass","fail",1,"reject-unsupported","not-run",2,"","","","","",ORACLE_RUN_FAIL,"ORACLE_RUN_NONZERO_EXIT",no,"libcob: error: unknown file error (status = 38) for file TFIL ('XXXXX002')"
472,"COBOL","ST101A","ST101A.cob",171dbfa4303bc3ae7a1e7173b4cb3cfd8a15121d9f70a02680780c82599f74f2,"pass","pass",0,"reject-unsupported","not-run",2,"not_comparable","not_comparable","not_comparable","not_comparable","not_comparable",RUST_REJECT_UNSUPPORTED,"COBRUN_UNSUPPORTED_SORT_MERGE_KEY_KEY_NOT_FIELD",no,"cobrun: unsupported: SORT/MERGE KEY `KEY-1` is not a field of the sort record"
473,"COBOL","ST102A","ST102A.cob",3545b18cad6e1cf05ee1fbf7f62a16569863f9be9f38426eccfeefec4be3694b,"bound-to-main","not-applicable",,"bound-to-main","not-applicable",,"not_comparable","not_comparable","not_comparable","not_comparable","not_comparable",NON_EXECUTABLE_LIBRARY,"SUBPROGRAM_BOUND_TO_MAIN",no,""
474,"COBOL","ST103A","ST103A.cob",b9bcfbdc1c8640c3c280a1dd2006844ed6db6f42ad26197be1f91b9acf6293f1,"bound-to-main","not-applicable",,"bound-to-main","not-applicable",,"not_comparable","not_comparable","not_comparable","not_comparable","not_comparable",NON_EXECUTABLE_LIBRARY,"SUBPROGRAM_BOUND_TO_MAIN",no,""
475,"COBOL","ST104A","ST104A.cob",d94d293e641ff8796bd6f9d61d928349706d07b8ed7f499e86f9db2b15560e81,"pass","pass",0,"accepted","pass",0,"match","match","match","match","match",RAW_OUTPUT_MATCH,"RAW_OUTPUT_IDENTICAL",no,""
476,"COBOL","ST105A","ST105A.cob",ca49bee4fc3fb33ad0df9db3e380e2576f9546e80a5ade864a0361ae87327b01,"bound-to-main","not-applicable",,"bound-to-main","not-applicable",,"not_comparable","not_comparable","not_comparable","not_comparable","not_comparable",NON_EXECUTABLE_LIBRARY,"SUBPROGRAM_BOUND_TO_MAIN",no,""
477,"COBOL","ST106A","ST106A.cob",3cabb6e8e5de463957a3865f697d82d3985bb573fc7d820a81d30ae11da87c88,"pass","pass",0,"accepted","pass",0,"mismatch","mismatch","mismatch","match","not_comparable",GENERATED_FILE_MISMATCH,"GENERATED_FILES_DIFFER",no,""
478,"COBOL","ST107A","ST107A.cob",3c6a343d59932fbd4e505d5e6389ac1e900e9ff55213b4009fdf948a3335e291,"bound-to-main","not-applicable",,"bound-to-main","not-applicable",,"not_comparable","not_comparable","not_comparable","not_comparable","not_comparable",NON_EXECUTABLE_LIBRARY,"SUBPROGRAM_BOUND_TO_MAIN",no,""
479,"COBOL","ST108A","ST108A.cob",e9fda6517c711c0ec812d9157a4ce733a1e8b00306f835caa1c887a0c79f55f5,"pass","pass",0,"accepted","pass",0,"mismatch","mismatch","mismatch","match","not_comparable",GENERATED_FILE_MISMATCH,"GENERATED_FILES_DIFFER",no,""
480,"COBOL","ST109A","ST109A.cob",25734f0ceaf3a74fb63cfc4b8fdc11820e5e7798865c97857d739790a13e3b9a,"pass","pass",0,"accepted","pass",0,"match","match","match","match","match",RAW_OUTPUT_MATCH,"RAW_OUTPUT_IDENTICAL",no,""
481,"COBOL","ST110A","ST110A.cob",aed941ef81882a9169e360d31faea1e9150f9e475c91145c316cf11edc13e262,"bound-to-main","not-applicable",,"bound-to-main","not-applicable",,"not_comparable","not_comparable","not_comparable","not_comparable","not_comparable",NON_EXECUTABLE_LIBRARY,"SUBPROGRAM_BOUND_TO_MAIN",no,""
482,"COBOL","ST111A","ST111A.cob",67599881264627f38e7286430f89d294ebd5f170d0fe3c9ec3102cd83b8e4a0a,"bound-to-main","not-applicable",,"bound-to-main","not-applicable",,"not_comparable","not_comparable","not_comparable","not_comparable","not_comparable",NON_EXECUTABLE_LIBRARY,"SUBPROGRAM_BOUND_TO_MAIN",no,""
483,"COBOL","ST112M","ST112M.cob",2444e5ec8458fe3e5a3d7463edbade4212f84d46c767351bf70580e03608b8cb,"pass","pass",0,"reject-unsupported","not-run",2,"not_comparable","not_comparable","not_comparable","not_comparable","not_comparable",RUST_REJECT_UNSUPPORTED,"COBRUN_UNSUPPORTED_CLOSE_REEL_NOT_DECLARED_FILE",no,"cobrun: unsupported: CLOSE: `REEL` is not a declared file"
484,"COBOL","ST113M","ST113M.cob",9273f6c46f2e4e6f3432c82f4b6979234737af408bb46a7ea71e184608495ee8,"bound-to-main","not-applicable",,"bound-to-main","not-applicable",,"not_comparable","not_comparable","not_comparable","not_comparable","not_comparable",NON_EXECUTABLE_LIBRARY,"SUBPROGRAM_BOUND_TO_MAIN",no,""
485,"COBOL","ST114M","ST114M.cob",5d72ce3de599e8e59af456a2ca69ba36c969431e5f63fab75a9959575096e801,"bound-to-main","not-applicable",,"bound-to-main","not-applicable",,"not_comparable","not_comparable","not_comparable","not_comparable","not_comparable",NON_EXECUTABLE_LIBRARY,"SUBPROGRAM_BOUND_TO_MAIN",no,""
486,"COBOL","ST115A","ST115A.cob",f80b2d4fbb803f7e81935340a88f4023e5221a4981aa858156a9694fbc44dbb4,"pass","pass",0,"reject-parse","not-run",2,"not_comparable","not_comparable","not_comparable","not_comparable","not_comparable",RUST_REJECT_PARSE,"COBRUN_UNDEFINED_DATA_NAME_XRECORD_NUMBER",no,"cobrun: undefined data name: XRECORD-NUMBER(1)"
487,"COBOL","ST116A","ST116A.cob",d01ea63c5a3ce71ebbe3ed78008cf9517ee6f54cb761c736b1716243f8e1e074,"bound-to-main","not-applicable",,"bound-to-main","not-applicable",,"not_comparable","not_comparable","not_comparable","not_comparable","not_comparable",NON_EXECUTABLE_LIBRARY,"SUBPROGRAM_BOUND_TO_MAIN",no,""
488,"COBOL","ST117A","ST117A.cob",af68216527fd18e6bc3a82ea52bae6b6eb715050163694f644e55b924dd7d083,"bound-to-main","not-applicable",,"bound-to-main","not-applicable",,"not_comparable","not_comparable","not_comparable","not_comparable","not_comparable",NON_EXECUTABLE_LIBRARY,"SUBPROGRAM_BOUND_TO_MAIN",no,""
489,"COBOL","ST118A","ST118A.cob",32a35ae3bfb850efb26b8174e3e6f44d927b1ae6c9597ad856b2a120993f5a6f,"pass","pass",0,"accepted","pass",0,"mismatch","mismatch","mismatch","match","not_comparable",GENERATED_FILE_MISMATCH,"GENERATED_FILES_DIFFER",no,""
490,"COBOL","ST119A","ST119A.cob",03baee2fabf9b1a121ffb3228a69b50a1772fc7c346338f64cc984199e32803c,"pass","pass",0,"reject-unsupported","not-run",2,"not_comparable","not_comparable","not_comparable","not_comparable","not_comparable",RUST_REJECT_UNSUPPORTED,"COBRUN_UNSUPPORTED_SORT_MERGE_KEY_KEY_NOT_FIELD",no,"cobrun: unsupported: SORT/MERGE KEY `KEY-1` is not a field of the sort record"
491,"COBOL","ST120A","ST120A.cob",7417603f2f650359a906c0ab7d0a58aedb390dc39811edc8e97acce76f4635f5,"bound-to-main","not-applicable",,"bound-to-main","not-applicable",,"not_comparable","not_comparable","not_comparable","not_comparable","not_comparable",NON_EXECUTABLE_LIBRARY,"SUBPROGRAM_BOUND_TO_MAIN",no,""
492,"COBOL","ST121A","ST121A.cob",e535c41840472cc4f5f8e6ccc0c37abe10246e83a4634038fba869ba8564f90b,"bound-to-main","not-applicable",,"bound-to-main","not-applicable",,"not_comparable","not_comparable","not_comparable","not_comparable","not_comparable",NON_EXECUTABLE_LIBRARY,"SUBPROGRAM_BOUND_TO_MAIN",no,""
493,"COBOL","ST122A","ST122A.cob",1267bbc92ed72ded26edd0791f782135df871282f759f59568533440bee9b8b3,"pass","pass",0,"accepted","pass",0,"match","match","match","match","match",RAW_OUTPUT_MATCH,"RAW_OUTPUT_IDENTICAL",no,""
494,"COBOL","ST123A","ST123A.cob",5a1b73ea6d9aaea96f34618bc3b4c3334f16719a4de31b92436a623d04367063,"bound-to-main","not-applicable",,"bound-to-main","not-applicable",,"not_comparable","not_comparable","not_comparable","not_comparable","not_comparable",NON_EXECUTABLE_LIBRARY,"SUBPROGRAM_BOUND_TO_MAIN",no,""
495,"COBOL","ST124A","ST124A.cob",f341a7cb80a921a856bb6db49f9d859dd2210bb1f2e02a1abb5faa53885a4cfc,"bound-to-main","not-applicable",,"bound-to-main","not-applicable",,"not_comparable","not_comparable","not_comparable","not_comparable","not_comparable",NON_EXECUTABLE_LIBRARY,"SUBPROGRAM_BOUND_TO_MAIN",no,""
496,"COBOL","ST125A","ST125A.cob",f8683f56208a33cacfb28953c008d3e2f4c99832908c192c18cb70dc490b8466,"pass","pass",0,"accepted","pass",0,"mismatch","mismatch","mismatch","match","not_comparable",GENERATED_FILE_MISMATCH,"GENERATED_FILES_DIFFER",no,""
497,"COBOL","ST126A","ST126A.cob",d1ec4752cb9ee85252af05424f6dd63cfe85878efa9c492ebaf2ec7d2985e51b,"bound-to-main","not-applicable",,"bound-to-main","not-applicable",,"not_comparable","not_comparable","not_comparable","not_comparable","not_comparable",NON_EXECUTABLE_LIBRARY,"SUBPROGRAM_BOUND_TO_MAIN",no,""
498,"COBOL","ST127A","ST127A.cob",699338cd481bd1f6f9263e871adb0f2b7161ec622dd7fd5f6f06c05365fa963e,"pass","pass",0,"reject-unsupported","not-run",2,"not_comparable","not_comparable","not_comparable","not_comparable","not_comparable",RUST_REJECT_UNSUPPORTED,"COBRUN_UNSUPPORTED_SORT_MERGE_KEY_SORTKEY_NOT_FIELD",no,"cobrun: unsupported: SORT/MERGE KEY `SORTKEY-1` is not a field of the sort record"
499,"COBOL","ST131A","ST131A.cob",3f48d5973fe909b2b256af58ba39b1d0162660f498297a4383ed4a2665d03ce5,"pass","pass",0,"reject-unsupported","not-run",2,"not_comparable","not_comparable","not_comparable","not_comparable","not_comparable",RUST_REJECT_UNSUPPORTED,"COBRUN_UNSUPPORTED_SORT_MERGE_KEY_NOT_FIELD_THE",no,"cobrun: unsupported: SORT/MERGE KEY `S1-1` is not a field of the sort record"
500,"COBOL","ST132A","ST132A.cob",84e50c128a3d868a3e0ced4400381ba5ca95e4cc12e88c5e0d951ce889bd3be4,"pass","pass",0,"reject-unsupported","not-run",2,"not_comparable","not_comparable","not_comparable","not_comparable","not_comparable",RUST_REJECT_UNSUPPORTED,"COBRUN_UNSUPPORTED_SORT_MERGE_KEY_KEY1_NOT_FIELD",no,"cobrun: unsupported: SORT/MERGE KEY `S4-KEY1` is not a field of the sort record"
501,"COBOL","ST133A","ST133A.cob",50fd8040dc22ba121dce58b1de198d008b5afa9ae49be907fe4ad12ae19e0715,"pass","pass",0,"accepted","pass",0,"mismatch","mismatch","mismatch","match","mismatch",GENERATED_FILE_MISMATCH,"GENERATED_FILES_DIFFER",no,""
502,"COBOL","ST134A","ST134A.cob",1702c08ff186b5ccdcb85613ad2f554a0279d678adb22a0a5b36f50bff6c73c5,"pass","pass",0,"accepted","pass",0,"mismatch","mismatch","mismatch","match","mismatch",GENERATED_FILE_MISMATCH,"GENERATED_FILES_DIFFER",no,""
503,"COBOL","ST135A","ST135A.cob",5ffcddf0ee1ed01d629b60e5f8a83b1ed6fd46186a20f14ccd3b55807e345b1a,"pass","pass",0,"accepted","pass",0,"mismatch","mismatch","mismatch","match","mismatch",GENERATED_FILE_MISMATCH,"GENERATED_FILES_DIFFER",no,""
504,"COBOL","ST136A","ST136A.cob",409a02acf20b2dade81e46cad7e5354105fec4838a6bc9cbeb9eb5e71fed317a,"pass","pass",0,"reject-unsupported","not-run",2,"not_comparable","not_comparable","not_comparable","not_comparable","not_comparable",RUST_REJECT_UNSUPPORTED,"COBRUN_UNSUPPORTED_NOT_NUMERIC_LITERAL_ALL",no,"cobrun: unsupported: not a numeric literal: ALL"
505,"COBOL","ST137A","ST137A.cob",a2acf0d2a8a4cc37a436ca5b20cf1598ae568b76712afa80da4da71056f53fbd,"pass","pass",0,"reject-parse","not-run",2,"not_comparable","not_comparable","not_comparable","not_comparable","not_comparable",RUST_REJECT_PARSE,"COBRUN_UNDEFINED_DATA_NAME_XRECORD_LENGTH",no,"cobrun: undefined data name: XRECORD-LENGTH(1)"
506,"COBOL","ST139A","ST139A.cob",99ac5e5194cf636e6e78ed594388a51fd7e34fd737f038b1ce525c0110156e48,"pass","pass",0,"reject-unsupported","not-run",2,"not_comparable","not_comparable","not_comparable","not_comparable","not_comparable",RUST_REJECT_UNSUPPORTED,"COBRUN_UNSUPPORTED_NOT_NUMERIC_LITERAL_FILE_RECORD_INFO",no,"cobrun: unsupported: not a numeric literal: FILE-RECORD-INFO-P1-120(1)"
507,"COBOL","ST140A","ST140A.cob",7069320dca7cf21c2564a490baf061044e208abee15b57b1309b966430b0f0cb,"pass","pass",0,"reject-unsupported","not-run",2,"not_comparable","not_comparable","not_comparable","not_comparable","not_comparable",RUST_REJECT_UNSUPPORTED,"COBRUN_UNSUPPORTED_NOT_NUMERIC_LITERAL_FILE_RECORD_INFO",no,"cobrun: unsupported: not a numeric literal: FILE-RECORD-INFO-P1-120(1)"
508,"COBOL","ST144A","ST144A.cob",f4d6716d0c9b1d14d03c23bcd32909070b8ca4396a02332f14be8b3e9914d130,"pass","pass",0,"reject-unsupported","not-run",2,"not_comparable","not_comparable","not_comparable","not_comparable","not_comparable",RUST_REJECT_UNSUPPORTED,"COBRUN_UNSUPPORTED_NOT_NUMERIC_LITERAL_FILE_RECORD_INFO",no,"cobrun: unsupported: not a numeric literal: FILE-RECORD-INFO-P1-120(1)"
509,"COBOL","ST146A","ST146A.cob",ef3d1d012357e0334f225ebaba5bbe16533d3f6f2885b50c4ab380ca670ec1d2,"pass","fail",1,"reject-parse","not-run",2,"","","","","",ORACLE_RUN_FAIL,"ORACLE_RUN_NONZERO_EXIT",no,"libcob: error: file does not exist (status = 35) for file SQ-FS1 ('FILE=SQ-FS1,RECORD=FS1R1 ' => FILE=SQ-FS1,RECORD=FS1R1 /0,RECNO=001000,UPDT=00,ODO=0009,PGM=ST216,LRECL=000140,BLKSIZ1R=0000,LFIL=004000,ORG=SQ,LBLR=S9 ACTIVE: 123456789)"
510,"COBOL","ST147A","ST147A.cob",63b14dcd2b48fa88d06a99dcab0709748770ff7ca7ac9bcdf8c4b7dd22ad041c,"pass","pass",0,"reject-unsupported","not-run",2,"not_comparable","not_comparable","not_comparable","not_comparable","not_comparable",RUST_REJECT_UNSUPPORTED,"COBRUN_UNSUPPORTED_NOT_NUMERIC_LITERAL_FILE_RECORD_INFO",no,"cobrun: unsupported: not a numeric literal: FILE-RECORD-INFO-P1-120(1)"
511,"COBOL","ST301M","ST301M.cob",fbc1f5d6c139cd3eba96251a1c09b9f1f7c1b80af148204a4334915c1f0493b7,"pass","fail",1,"accepted","pass",0,"","","","","",ORACLE_RUN_FAIL,"ORACLE_RUN_NONZERO_EXIT",no,"libcob: error: permanent file error (status = 30) for file TFIL ('XXXXX027')"
